nucleus,Variable,Min,Max,Mean,StdDev,Median,Percentile 25%,Percentile 75%,Sum,Count,Unit,Category,Channel,Class,Collection,Image,Time,Unnamed: 17,Surfaces,Unnamed: 18
ABal,Intensity Max,2427.0,2427.0,2427.0,0.0,2427.0,2427.0,2427.0,2427.0,1,,Spot,2.0,,,Image 1,36.0,,,
ABal,Intensity Max,2658.0,2658.0,2658.0,0.0,2658.0,2658.0,2658.0,2658.0,1,,Spot,2.0,,,Image 1,37.0,,,
ABal,Intensity Max,2709.0,2709.0,2709.0,0.0,2709.0,2709.0,2709.0,2709.0,1,,Spot,2.0,,,Image 1,38.0,,,
ABal,Intensity Max,2633.0,2633.0,2633.0,0.0,2633.0,2633.0,2633.0,2633.0,1,,Spot,2.0,,,Image 1,39.0,,,
ABal,Intensity Max,1791.0,1791.0,1791.0,0.0,1791.0,1791.0,1791.0,1791.0,1,,Spot,2.0,,,Image 1,40.0,,,
ABal,Intensity Max,2021.0,2021.0,2021.0,0.0,2021.0,2021.0,2021.0,2021.0,1,,Spot,2.0,,,Image 1,58.0,,,
ABal,Intensity Max,2403.0,2403.0,2403.0,0.0,2403.0,2403.0,2403.0,2403.0,1,,Spot,2.0,,,Image 1,59.0,,,
ABal,Intensity Max,2789.0,2789.0,2789.0,0.0,2789.0,2789.0,2789.0,2789.0,1,,Spot,2.0,,,Image 1,60.0,,,
ABal,Intensity Max,2335.0,2335.0,2335.0,0.0,2335.0,2335.0,2335.0,2335.0,1,,Spot,2.0,,,Image 1,61.0,,,
ABal,Intensity Max,2893.0,2893.0,2893.0,0.0,2893.0,2893.0,2893.0,2893.0,1,,Spot,2.0,,,Image 1,62.0,,,
ABal,Intensity Max,2169.0,2463.0,2316.0,147.0,2316.0,2242.625,2389.625,4632.0,2,,Spot,2.0,,,Image 1,63.0,,,
ABal,Intensity Max,2185.0,3006.0,2595.5,410.5,2595.5,2390.5,2801.0,5191.0,2,,Spot,2.0,,,Image 1,64.0,,,
ABal,Intensity Max,2711.0,3809.0,3260.0,549.0,3260.0,2986.0,3535.0,6520.0,2,,Spot,2.0,,,Image 1,65.0,,,
ABal,Intensity Max,3220.0,3220.0,3220.0,0.0,3220.0,3220.0,3220.0,3220.0,1,,Spot,2.0,,,Image 1,66.0,,,
ABal,Intensity Max,2162.0,2712.0,2437.0,275.0,2437.0,2299.75,2574.75,4874.0,2,,Spot,2.0,,,Image 1,67.0,,,
ABal,Intensity Max,2768.0,3419.0,3093.5,325.5,3093.5,2931.0,3256.5,6187.0,2,,Spot,2.0,,,Image 1,68.0,,,
ABal,Intensity Max,1678.0,2418.0,2048.0,370.0,2048.0,1863.25,2233.25,4096.0,2,,Spot,2.0,,,Image 1,69.0,,,
ABal,Intensity Max,1589.0,2143.0,1866.0,277.0,1866.0,1727.75,2004.75,3732.0,2,,Spot,2.0,,,Image 1,70.0,,,
ABal,Intensity Max,2117.0,2992.0,2554.5,437.5,2554.5,2336.0,2773.5,5109.0,2,,Spot,2.0,,,Image 1,71.0,,,
ABal,Intensity Max,2501.0,3759.0,3130.0,629.0,3130.0,2816.0,3445.0,6260.0,2,,Spot,2.0,,,Image 1,72.0,,,
ABal,Intensity Max,2638.0,4744.0,3691.0,1053.0,3691.0,3165.5,4218.5,7382.0,2,,Spot,2.0,,,Image 1,73.0,,,
ABal,Intensity Max,2627.0,3378.0,3002.5,375.5,3002.5,2815.0,3190.5,6005.0,2,,Spot,2.0,,,Image 1,74.0,,,
ABal,Intensity Max,2296.0,2428.0,2362.0,66.0,2362.0,2329.062,2395.062,4724.0,2,,Spot,2.0,,,Image 1,75.0,,,
ABal,Intensity Max,2450.0,3379.0,2914.5,464.5,2914.5,2682.5,3147.0,5829.0,2,,Spot,2.0,,,Image 1,76.0,,,
ABal,Intensity Max,2787.0,3058.0,2922.5,135.5,2922.5,2854.875,2990.375,5845.0,2,,Spot,2.0,,,Image 1,77.0,,,
ABal,Intensity Max,2042.0,4098.0,3070.0,1028.0,3070.0,2557.0,3585.0,6140.0,2,,Spot,2.0,,,Image 1,78.0,,,
ABal,Intensity Max,1991.0,2867.0,2429.0,438.0,2429.0,2210.25,2648.25,4858.0,2,,Spot,2.0,,,Image 1,79.0,,,
ABal,Intensity Max,1092.0,2206.0,1649.0,557.0,1649.0,1371.0,1928.0,3298.0,2,,Spot,2.0,,,Image 1,80.0,,,
ABal,Intensity Max,1902.0,4203.0,3052.5,1150.5,3052.5,2478.0,3628.0,6105.0,2,,Spot,2.0,,,Image 1,81.0,,,
ABal,Intensity Max,2380.0,3137.0,2758.5,378.5,2758.5,2569.5,2948.0,5517.0,2,,Spot,2.0,,,Image 1,82.0,,,
ABal,Intensity Max,2130.0,3334.0,2732.0,602.0,2732.0,2431.5,3033.5,5464.0,2,,Spot,2.0,,,Image 1,83.0,,,
ABal,Intensity Max,2353.0,3179.0,2766.0,413.0,2766.0,2559.75,2972.75,5532.0,2,,Spot,2.0,,,Image 1,84.0,,,
ABal,Intensity Max,2230.0,3834.0,3032.0,802.0,3032.0,2631.5,3433.5,6064.0,2,,Spot,2.0,,,Image 1,85.0,,,
ABal,Intensity Max,2991.0,3269.0,3130.0,139.0,3130.0,3060.625,3199.625,6260.0,2,,Spot,2.0,,,Image 1,86.0,,,
ABal,Intensity Max,2345.0,2509.0,2427.0,82.0,2427.0,2386.062,2468.062,4854.0,2,,Spot,2.0,,,Image 1,87.0,,,
ABal,Intensity Max,2268.0,3060.0,2664.0,396.0,2664.0,2466.25,2862.25,5328.0,2,,Spot,2.0,,,Image 1,88.0,,,
ABal,Intensity Max,2193.0,3381.0,2787.0,594.0,2787.0,2490.5,3084.5,5574.0,2,,Spot,2.0,,,Image 1,89.0,,,
ABal,Intensity Max,2374.0,3935.0,3154.5,780.5,3154.5,2764.75,3545.25,6309.0,2,,Spot,2.0,,,Image 1,90.0,,,
ABal,Intensity Max,2272.0,3608.0,2940.0,668.0,2940.0,2606.5,3274.5,5880.0,2,,Spot,2.0,,,Image 1,91.0,,,
ABal,Intensity Max,2745.0,3263.0,3004.0,259.0,3004.0,2874.75,3133.75,6008.0,2,,Spot,2.0,,,Image 1,92.0,,,
ABal,Intensity Max,2575.0,3120.0,2847.5,272.5,2847.5,2711.5,2984.0,5695.0,2,,Spot,2.0,,,Image 1,93.0,,,
ABal,Intensity Max,2171.0,2441.0,2306.0,135.0,2306.0,2238.625,2373.625,4612.0,2,,Spot,2.0,,,Image 1,94.0,,,
ABal,Intensity Max,2336.0,2636.0,2486.0,150.0,2486.0,2411.125,2561.125,4972.0,2,,Spot,2.0,,,Image 1,95.0,,,
ABal,Intensity Max,1981.0,2836.0,2408.5,427.5,2408.5,2195.0,2622.5,4817.0,2,,Spot,2.0,,,Image 1,96.0,,,
ABal,Intensity Max,2512.0,2739.0,2625.5,113.5,2625.5,2568.812,2682.312,5251.0,2,,Spot,2.0,,,Image 1,97.0,,,
ABal,Intensity Max,2236.0,2903.0,2569.5,333.5,2569.5,2403.0,2736.5,5139.0,2,,Spot,2.0,,,Image 1,98.0,,,
ABal,Intensity Max,1998.0,3482.0,2740.0,742.0,2740.0,2369.5,3111.5,5480.0,2,,Spot,2.0,,,Image 1,99.0,,,
ABal,Intensity Max,1332.0,2586.0,1959.0,627.0,1959.0,1646.0,2273.0,3918.0,2,,Spot,2.0,,,Image 1,100.0,,,
ABal,Intensity Max,1935.0,3438.0,2686.5,751.5,2686.5,2311.25,3062.75,5373.0,2,,Spot,2.0,,,Image 1,101.0,,,
ABal,Intensity Max,1962.0,3006.0,2484.0,522.0,2484.0,2223.5,2745.5,4968.0,2,,Spot,2.0,,,Image 1,102.0,,,
ABal,Intensity Max,2122.0,2456.0,2289.0,167.0,2289.0,2205.625,2372.625,4578.0,2,,Spot,2.0,,,Image 1,103.0,,,
ABal,Intensity Max,1729.0,2190.0,1959.5,230.5,1959.5,1844.375,2074.875,3919.0,2,,Spot,2.0,,,Image 1,104.0,,,
ABal,Intensity Max,2097.0,2401.0,2249.0,152.0,2249.0,2173.125,2325.125,4498.0,2,,Spot,2.0,,,Image 1,105.0,,,
ABal,Intensity Max,1829.0,1975.0,1902.0,73.0,1902.0,1865.562,1938.562,3804.0,2,,Spot,2.0,,,Image 1,106.0,,,
ABal,Intensity Max,1483.0,2984.0,2233.5,750.5,2233.5,1858.75,2609.25,4467.0,2,,Spot,2.0,,,Image 1,107.0,,,
ABal,Intensity Max,1486.0,2461.0,1973.5,487.5,1973.5,1730.0,2217.5,3947.0,2,,Spot,2.0,,,Image 1,108.0,,,
ABal,Intensity Max,1598.0,2891.0,2244.5,646.5,2244.5,1921.75,2568.25,4489.0,2,,Spot,2.0,,,Image 1,109.0,,,
ABal,Intensity Max,1701.0,2603.0,2152.0,451.0,2152.0,1926.75,2377.75,4304.0,2,,Spot,2.0,,,Image 1,110.0,,,
ABal,Intensity Max,1343.0,2442.0,1892.5,549.5,1892.5,1618.25,2167.75,3785.0,2,,Spot,2.0,,,Image 1,111.0,,,
ABal,Intensity Max,1972.0,2257.0,2114.5,142.5,2114.5,2043.375,2185.875,4229.0,2,,Spot,2.0,,,Image 1,112.0,,,
ABal,Intensity Max,1275.0,2155.0,1715.0,440.0,1715.0,1495.25,1935.25,3430.0,2,,Spot,2.0,,,Image 1,113.0,,,
ABal,Intensity Max,1258.0,2587.0,1922.5,664.5,1922.5,1590.75,2255.25,3845.0,2,,Spot,2.0,,,Image 1,114.0,,,
ABal,Intensity Max,1954.0,2096.0,2025.0,71.0,2025.0,1989.562,2060.562,4050.0,2,,Spot,2.0,,,Image 1,115.0,,,
ABal,Intensity Max,1721.0,2083.0,1902.0,181.0,1902.0,1811.625,1992.625,3804.0,2,,Spot,2.0,,,Image 1,116.0,,,
ABal,Intensity Max,1823.0,1847.0,1835.0,12.0,1835.0,1829.008,1841.008,3670.0,2,,Spot,2.0,,,Image 1,117.0,,,
ABal,Intensity Max,2308.0,2570.0,2439.0,131.0,2439.0,2373.625,2504.625,4878.0,2,,Spot,2.0,,,Image 1,118.0,,,
ABal,Intensity Max,2025.0,2436.0,2230.5,205.5,2230.5,2127.875,2333.375,4461.0,2,,Spot,2.0,,,Image 1,119.0,,,
ABal,Intensity Max,1681.0,2126.0,1903.5,222.5,1903.5,1792.375,2014.875,3807.0,2,,Spot,2.0,,,Image 1,120.0,,,
ABal,Intensity Max,1554.0,2179.0,1866.5,312.5,1866.5,1710.5,2023.0,3733.0,2,,Spot,2.0,,,Image 1,121.0,,,
ABal,Intensity Max,1717.0,1895.0,1806.0,89.0,1806.0,1761.562,1850.562,3612.0,2,,Spot,2.0,,,Image 1,122.0,,,
ABal,Intensity Max,1974.0,2226.0,2100.0,126.0,2100.0,2037.125,2163.125,4200.0,2,,Spot,2.0,,,Image 1,123.0,,,
ABal,Intensity Max,1337.0,2094.0,1715.5,378.5,1715.5,1526.5,1905.0,3431.0,2,,Spot,2.0,,,Image 1,124.0,,,
ABal,Intensity Max,2021.0,2389.0,2205.0,184.0,2205.0,2113.125,2297.125,4410.0,2,,Spot,2.0,,,Image 1,125.0,,,
ABal,Intensity Max,1971.0,2433.0,2202.0,231.0,2202.0,2086.625,2317.625,4404.0,2,,Spot,2.0,,,Image 1,126.0,,,
ABal,Intensity Max,1492.0,2222.0,1857.0,365.0,1857.0,1674.75,2039.75,3714.0,2,,Spot,2.0,,,Image 1,127.0,,,
ABal,Intensity Max,1600.0,1903.0,1751.5,151.5,1751.5,1675.875,1827.375,3503.0,2,,Spot,2.0,,,Image 1,128.0,,,
ABal,Intensity Max,1642.0,2081.0,1861.5,219.5,1861.5,1751.875,1971.375,3723.0,2,,Spot,2.0,,,Image 1,129.0,,,
ABal,Intensity Max,1381.0,2092.0,1736.5,355.5,1736.5,1559.0,1914.5,3473.0,2,,Spot,2.0,,,Image 1,130.0,,,
ABal,Intensity Max,1839.0,2200.0,2019.5,180.5,2019.5,1929.375,2109.875,4039.0,2,,Spot,2.0,,,Image 1,131.0,,,
ABal,Intensity Max,1508.0,2356.0,1932.0,424.0,1932.0,1720.25,2144.25,3864.0,2,,Spot,2.0,,,Image 1,132.0,,,
ABal,Intensity Max,2029.0,2345.0,2187.0,158.0,2187.0,2108.125,2266.125,4374.0,2,,Spot,2.0,,,Image 1,133.0,,,
ABal,Intensity Max,1651.0,2461.0,2056.0,405.0,2056.0,1853.75,2258.75,4112.0,2,,Spot,2.0,,,Image 1,134.0,,,
ABal,Intensity Max,1697.0,1786.0,1741.5,44.5,1741.5,1719.281,1763.781,3483.0,2,,Spot,2.0,,,Image 1,135.0,,,
ABal,Intensity Max,1693.0,2137.0,1915.0,222.0,1915.0,1804.125,2026.125,3830.0,2,,Spot,2.0,,,Image 1,136.0,,,
ABal,Intensity Max,1346.0,2141.0,1743.5,397.5,1743.5,1545.0,1942.5,3487.0,2,,Spot,2.0,,,Image 1,137.0,,,
ABal,Intensity Max,1342.0,1953.0,1647.5,305.5,1647.5,1495.0,1800.5,3295.0,2,,Spot,2.0,,,Image 1,138.0,,,
ABal,Intensity Max,1389.0,1942.0,1665.5,276.5,1665.5,1527.5,1804.0,3331.0,2,,Spot,2.0,,,Image 1,139.0,,,
ABal,Intensity Max,1477.0,2115.0,1796.0,319.0,1796.0,1636.75,1955.75,3592.0,2,,Spot,2.0,,,Image 1,140.0,,,
ABal,Intensity Max,1840.0,2270.0,2055.0,215.0,2055.0,1947.625,2162.625,4110.0,2,,Spot,2.0,,,Image 1,141.0,,,
ABal,Intensity Max,1798.0,1946.0,1872.0,74.0,1872.0,1835.062,1909.062,3744.0,2,,Spot,2.0,,,Image 1,142.0,,,
ABal,Intensity Max,1896.0,2459.0,2177.5,281.5,2177.5,2037.0,2318.5,4355.0,2,,Spot,2.0,,,Image 1,143.0,,,
ABal,Intensity Max,1536.0,1962.0,1749.0,213.0,1749.0,1642.625,1855.625,3498.0,2,,Spot,2.0,,,Image 1,144.0,,,
ABal,Intensity Max,1186.0,1945.0,1565.5,379.5,1565.5,1376.0,1755.5,3131.0,2,,Spot,2.0,,,Image 1,145.0,,,
ABal,Intensity Max,1571.0,2219.0,1895.0,324.0,1895.0,1733.25,2057.25,3790.0,2,,Spot,2.0,,,Image 1,146.0,,,
ABal,Intensity Max,1793.0,2125.0,1959.0,166.0,1959.0,1876.125,2042.125,3918.0,2,,Spot,2.0,,,Image 1,147.0,,,
ABal,Intensity Max,1365.0,1918.0,1641.5,276.5,1641.5,1503.5,1780.0,3283.0,2,,Spot,2.0,,,Image 1,148.0,,,
ABal,Intensity Max,1304.0,2168.0,1736.0,432.0,1736.0,1520.25,1952.25,3472.0,2,,Spot,2.0,,,Image 1,149.0,,,
ABal,Intensity Max,1014.0,2309.0,1661.5,647.5,1661.5,1338.25,1985.75,3323.0,2,,Spot,2.0,,,Image 1,150.0,,,
ABal,Intensity Max,1396.0,2105.0,1750.5,354.5,1750.5,1573.5,1928.0,3501.0,2,,Spot,2.0,,,Image 1,151.0,,,
ABal,Intensity Max,1026.0,1791.0,1408.5,382.5,1408.5,1217.5,1600.0,2817.0,2,,Spot,2.0,,,Image 1,152.0,,,
ABal,Intensity Max,887.0,1780.0,1333.5,446.5,1333.5,1110.5,1557.0,2667.0,2,,Spot,2.0,,,Image 1,153.0,,,
ABal,Intensity Max,1235.0,2096.0,1665.5,430.5,1665.5,1450.5,1881.0,3331.0,2,,Spot,2.0,,,Image 1,154.0,,,
ABal,Intensity Max,1846.0,1889.0,1867.5,21.5,1867.5,1856.766,1878.266,3735.0,2,,Spot,2.0,,,Image 1,155.0,,,
ABal,Intensity Max,1536.0,1890.0,1713.0,177.0,1713.0,1624.625,1801.625,3426.0,2,,Spot,2.0,,,Image 1,156.0,,,
ABal,Intensity Max,1753.0,1815.0,1784.0,31.0,1784.0,1768.516,1799.516,3568.0,2,,Spot,2.0,,,Image 1,157.0,,,
ABal,Intensity Max,1742.0,1957.0,1849.5,107.5,1849.5,1795.812,1903.312,3699.0,2,,Spot,2.0,,,Image 1,158.0,,,
ABal,Intensity Max,1723.0,1803.0,1763.0,40.0,1763.0,1743.031,1783.031,3526.0,2,,Spot,2.0,,,Image 1,159.0,,,
ABal,Intensity Max,2008.0,2040.0,2024.0,16.0,2024.0,2016.016,2032.016,4048.0,2,,Spot,2.0,,,Image 1,160.0,,,
ABal,Intensity Max,1785.0,1899.0,1842.0,57.0,1842.0,1813.531,1870.531,3684.0,2,,Spot,2.0,,,Image 1,161.0,,,
ABal,Intensity Max,1662.0,1743.0,1702.5,40.5,1702.5,1682.281,1722.781,3405.0,2,,Spot,2.0,,,Image 1,162.0,,,
ABal,Intensity Max,1711.0,1833.0,1772.0,61.0,1772.0,1741.531,1802.531,3544.0,2,,Spot,2.0,,,Image 1,163.0,,,
ABal,Intensity Max,1666.0,1837.0,1751.5,85.5,1751.5,1708.812,1794.312,3503.0,2,,Spot,2.0,,,Image 1,164.0,,,
ABal,Intensity Max,1882.0,2033.0,1957.5,75.5,1957.5,1919.812,1995.312,3915.0,2,,Spot,2.0,,,Image 1,165.0,,,
ABal,Intensity Max,1377.0,1606.0,1491.5,114.5,1491.5,1434.312,1548.812,2983.0,2,,Spot,2.0,,,Image 1,166.0,,,
ABal,Intensity Max,1697.0,2034.0,1865.5,168.5,1865.5,1781.375,1949.875,3731.0,2,,Spot,2.0,,,Image 1,167.0,,,
ABal,Intensity Max,1612.0,1655.0,1633.5,21.5,1633.5,1622.766,1644.266,3267.0,2,,Spot,2.0,,,Image 1,168.0,,,
ABal,Intensity Max,1709.0,1815.0,1762.0,53.0,1762.0,1735.531,1788.531,3524.0,2,,Spot,2.0,,,Image 1,169.0,,,
ABal,Intensity Max,1778.0,1858.0,1818.0,40.0,1818.0,1798.031,1838.031,3636.0,2,,Spot,2.0,,,Image 1,170.0,,,
ABal,Intensity Max,1732.0,1803.0,1767.5,35.5,1767.5,1749.781,1785.281,3535.0,2,,Spot,2.0,,,Image 1,171.0,,,
ABal,Intensity Max,1612.0,1749.0,1680.5,68.5,1680.5,1646.312,1714.812,3361.0,2,,Spot,2.0,,,Image 1,172.0,,,
ABal,Intensity Max,1654.0,1839.0,1746.5,92.5,1746.5,1700.312,1792.812,3493.0,2,,Spot,2.0,,,Image 1,173.0,,,
ABpl,Intensity Max,3421.0,4066.0,3743.5,322.5,3743.5,3582.5,3905.0,7487.0,2,,Spot,2.0,,,Image 1,36.0,,,
ABpl,Intensity Max,3713.0,4721.0,4217.0,504.0,4217.0,3965.5,4469.5,8434.0,2,,Spot,2.0,,,Image 1,37.0,,,
ABpl,Intensity Max,4081.0,4681.0,4381.0,300.0,4381.0,4231.25,4531.25,8762.0,2,,Spot,2.0,,,Image 1,38.0,,,
ABpl,Intensity Max,3521.0,3910.0,3715.5,194.5,3715.5,3618.375,3812.875,7431.0,2,,Spot,2.0,,,Image 1,39.0,,,
ABpl,Intensity Max,2530.0,2530.0,2530.0,0.0,2530.0,2530.0,2530.0,2530.0,1,,Spot,2.0,,,Image 1,40.0,,,
ABpl,Intensity Max,2773.0,2773.0,2773.0,0.0,2773.0,2773.0,2773.0,2773.0,1,,Spot,2.0,,,Image 1,56.0,,,
ABpl,Intensity Max,1925.0,1925.0,1925.0,0.0,1925.0,1925.0,1925.0,1925.0,1,,Spot,2.0,,,Image 1,57.0,,,
ABpl,Intensity Max,2552.0,3168.0,2860.0,308.0,2860.0,2706.25,3014.25,5720.0,2,,Spot,2.0,,,Image 1,58.0,,,
ABpl,Intensity Max,3193.0,3193.0,3193.0,0.0,3193.0,3193.0,3193.0,3193.0,1,,Spot,2.0,,,Image 1,59.0,,,
ABpl,Intensity Max,2809.0,3867.0,3338.0,529.0,3338.0,3074.0,3603.0,6676.0,2,,Spot,2.0,,,Image 1,60.0,,,
ABpl,Intensity Max,2386.0,2957.0,2671.5,285.5,2671.5,2529.0,2814.5,5343.0,2,,Spot,2.0,,,Image 1,61.0,,,
ABpl,Intensity Max,2488.0,2966.0,2727.0,239.0,2727.0,2607.625,2846.625,5454.0,2,,Spot,2.0,,,Image 1,62.0,,,
ABpl,Intensity Max,2790.0,2955.0,2872.5,82.5,2872.5,2831.312,2913.812,5745.0,2,,Spot,2.0,,,Image 1,63.0,,,
ABpl,Intensity Max,1829.0,3778.0,2803.5,974.5,2803.5,2316.75,3291.25,5607.0,2,,Spot,2.0,,,Image 1,64.0,,,
ABpl,Intensity Max,2450.0,3104.0,2777.0,327.0,2777.0,2613.75,2940.75,5554.0,2,,Spot,2.0,,,Image 1,65.0,,,
ABpl,Intensity Max,1380.0,3663.0,2521.5,1141.5,2521.5,1951.5,3092.5,5043.0,2,,Spot,2.0,,,Image 1,66.0,,,
ABpl,Intensity Max,2396.0,2948.0,2672.0,276.0,2672.0,2534.25,2810.25,5344.0,2,,Spot,2.0,,,Image 1,67.0,,,
ABpl,Intensity Max,2885.0,3327.0,3106.0,221.0,3106.0,2995.625,3216.625,6212.0,2,,Spot,2.0,,,Image 1,68.0,,,
ABpl,Intensity Max,2172.0,3182.0,2677.0,505.0,2677.0,2425.0,2930.0,5354.0,2,,Spot,2.0,,,Image 1,69.0,,,
ABpl,Intensity Max,2078.0,3425.0,2751.5,673.5,2751.5,2415.25,3088.75,5503.0,2,,Spot,2.0,,,Image 1,70.0,,,
ABpl,Intensity Max,3287.0,3866.0,3576.5,289.5,3576.5,3432.0,3721.5,7153.0,2,,Spot,2.0,,,Image 1,71.0,,,
ABpl,Intensity Max,1585.0,3249.0,2417.0,832.0,2417.0,2001.5,2833.5,4834.0,2,,Spot,2.0,,,Image 1,72.0,,,
ABpl,Intensity Max,3858.0,3858.0,3858.0,0.0,3858.0,3858.0,3858.0,3858.0,1,,Spot,2.0,,,Image 1,73.0,,,
ABpl,Intensity Max,2135.0,3742.0,2938.5,803.5,2938.5,2537.25,3340.75,5877.0,2,,Spot,2.0,,,Image 1,74.0,,,
ABpl,Intensity Max,3101.0,4080.0,3590.5,489.5,3590.5,3346.0,3835.5,7181.0,2,,Spot,2.0,,,Image 1,75.0,,,
ABpl,Intensity Max,2791.0,2857.0,2824.0,33.0,2824.0,2807.531,2840.531,5648.0,2,,Spot,2.0,,,Image 1,76.0,,,
ABpl,Intensity Max,2623.0,2883.0,2753.0,130.0,2753.0,2688.125,2818.125,5506.0,2,,Spot,2.0,,,Image 1,77.0,,,
ABpl,Intensity Max,1766.0,2363.0,2064.5,298.5,2064.5,1915.5,2214.0,4129.0,2,,Spot,2.0,,,Image 1,78.0,,,
ABpl,Intensity Max,2218.0,2556.0,2387.0,169.0,2387.0,2302.625,2471.625,4774.0,2,,Spot,2.0,,,Image 1,79.0,,,
ABpl,Intensity Max,2320.0,2630.0,2475.0,155.0,2475.0,2397.625,2552.625,4950.0,2,,Spot,2.0,,,Image 1,80.0,,,
ABpl,Intensity Max,3120.0,3931.0,3525.5,405.5,3525.5,3323.0,3728.5,7051.0,2,,Spot,2.0,,,Image 1,81.0,,,
ABpl,Intensity Max,2990.0,3206.0,3098.0,108.0,3098.0,3044.062,3152.062,6196.0,2,,Spot,2.0,,,Image 1,82.0,,,
ABpl,Intensity Max,2638.0,3297.0,2967.5,329.5,2967.5,2803.0,3132.5,5935.0,2,,Spot,2.0,,,Image 1,83.0,,,
ABpl,Intensity Max,1904.0,3720.0,2812.0,908.0,2812.0,2358.5,3266.5,5624.0,2,,Spot,2.0,,,Image 1,84.0,,,
ABpl,Intensity Max,2703.0,3015.0,2859.0,156.0,2859.0,2781.125,2937.125,5718.0,2,,Spot,2.0,,,Image 1,85.0,,,
ABpl,Intensity Max,3221.0,3343.0,3282.0,61.0,3282.0,3251.531,3312.531,6564.0,2,,Spot,2.0,,,Image 1,86.0,,,
ABpl,Intensity Max,3104.0,3717.0,3410.5,306.5,3410.5,3257.5,3564.0,6821.0,2,,Spot,2.0,,,Image 1,87.0,,,
ABpl,Intensity Max,2426.0,2997.0,2711.5,285.5,2711.5,2569.0,2854.5,5423.0,2,,Spot,2.0,,,Image 1,88.0,,,
ABpl,Intensity Max,2762.0,3011.0,2886.5,124.5,2886.5,2824.312,2948.812,5773.0,2,,Spot,2.0,,,Image 1,89.0,,,
ABpl,Intensity Max,3641.0,3778.0,3709.5,68.5,3709.5,3675.312,3743.812,7419.0,2,,Spot,2.0,,,Image 1,90.0,,,
ABpl,Intensity Max,2614.0,2643.0,2628.5,14.5,2628.5,2621.258,2635.758,5257.0,2,,Spot,2.0,,,Image 1,91.0,,,
ABpl,Intensity Max,2333.0,3050.0,2691.5,358.5,2691.5,2512.5,2871.0,5383.0,2,,Spot,2.0,,,Image 1,92.0,,,
ABpl,Intensity Max,2719.0,3729.0,3224.0,505.0,3224.0,2972.0,3477.0,6448.0,2,,Spot,2.0,,,Image 1,93.0,,,
ABpl,Intensity Max,1467.0,2880.0,2173.5,706.5,2173.5,1820.75,2527.25,4347.0,2,,Spot,2.0,,,Image 1,94.0,,,
ABpl,Intensity Max,2854.0,3237.0,3045.5,191.5,3045.5,2949.875,3141.375,6091.0,2,,Spot,2.0,,,Image 1,95.0,,,
ABpl,Intensity Max,2758.0,2942.0,2850.0,92.0,2850.0,2804.062,2896.062,5700.0,2,,Spot,2.0,,,Image 1,96.0,,,
ABpl,Intensity Max,2077.0,2853.0,2465.0,388.0,2465.0,2271.25,2659.25,4930.0,2,,Spot,2.0,,,Image 1,97.0,,,
ABpl,Intensity Max,2436.0,3196.0,2816.0,380.0,2816.0,2626.25,3006.25,5632.0,2,,Spot,2.0,,,Image 1,98.0,,,
ABpl,Intensity Max,2206.0,2887.0,2546.5,340.5,2546.5,2376.5,2717.0,5093.0,2,,Spot,2.0,,,Image 1,99.0,,,
ABpl,Intensity Max,1764.0,3139.0,2451.5,687.5,2451.5,2108.25,2795.75,4903.0,2,,Spot,2.0,,,Image 1,100.0,,,
ABpl,Intensity Max,1809.0,2996.0,2402.5,593.5,2402.5,2106.25,2699.75,4805.0,2,,Spot,2.0,,,Image 1,101.0,,,
ABpl,Intensity Max,2848.0,2916.0,2882.0,34.0,2882.0,2865.031,2899.031,5764.0,2,,Spot,2.0,,,Image 1,102.0,,,
ABpl,Intensity Max,2378.0,2841.0,2609.5,231.5,2609.5,2493.875,2725.375,5219.0,2,,Spot,2.0,,,Image 1,103.0,,,
ABpl,Intensity Max,2551.0,3596.0,3073.5,522.5,3073.5,2812.75,3335.25,6147.0,2,,Spot,2.0,,,Image 1,104.0,,,
ABpl,Intensity Max,2549.0,2732.0,2640.5,91.5,2640.5,2594.812,2686.312,5281.0,2,,Spot,2.0,,,Image 1,105.0,,,
ABpl,Intensity Max,2368.0,2615.0,2491.5,123.5,2491.5,2429.812,2553.312,4983.0,2,,Spot,2.0,,,Image 1,106.0,,,
ABpl,Intensity Max,2209.0,2507.0,2358.0,149.0,2358.0,2283.625,2432.625,4716.0,2,,Spot,2.0,,,Image 1,107.0,,,
ABpl,Intensity Max,2583.0,2921.0,2752.0,169.0,2752.0,2667.625,2836.625,5504.0,2,,Spot,2.0,,,Image 1,108.0,,,
ABpl,Intensity Max,2543.0,2729.0,2636.0,93.0,2636.0,2589.562,2682.562,5272.0,2,,Spot,2.0,,,Image 1,109.0,,,
ABpl,Intensity Max,2699.0,3134.0,2916.5,217.5,2916.5,2807.875,3025.375,5833.0,2,,Spot,2.0,,,Image 1,110.0,,,
ABpl,Intensity Max,2651.0,2757.0,2704.0,53.0,2704.0,2677.531,2730.531,5408.0,2,,Spot,2.0,,,Image 1,111.0,,,
ABpl,Intensity Max,2643.0,2813.0,2728.0,85.0,2728.0,2685.562,2770.562,5456.0,2,,Spot,2.0,,,Image 1,112.0,,,
ABpl,Intensity Max,2194.0,2758.0,2476.0,282.0,2476.0,2335.25,2617.25,4952.0,2,,Spot,2.0,,,Image 1,113.0,,,
ABpl,Intensity Max,1814.0,3067.0,2440.5,626.5,2440.5,2127.75,2754.25,4881.0,2,,Spot,2.0,,,Image 1,114.0,,,
ABpl,Intensity Max,2015.0,2709.0,2362.0,347.0,2362.0,2188.75,2535.75,4724.0,2,,Spot,2.0,,,Image 1,115.0,,,
ABpl,Intensity Max,1626.0,2252.0,1939.0,313.0,1939.0,1782.75,2095.75,3878.0,2,,Spot,2.0,,,Image 1,116.0,,,
ABpl,Intensity Max,2070.0,2371.0,2220.5,150.5,2220.5,2145.375,2295.875,4441.0,2,,Spot,2.0,,,Image 1,117.0,,,
ABpl,Intensity Max,2358.0,2806.0,2582.0,224.0,2582.0,2470.125,2694.125,5164.0,2,,Spot,2.0,,,Image 1,118.0,,,
ABpl,Intensity Max,2039.0,2445.0,2242.0,203.0,2242.0,2140.625,2343.625,4484.0,2,,Spot,2.0,,,Image 1,119.0,,,
ABpl,Intensity Max,3017.0,3173.0,3095.0,78.0,3095.0,3056.062,3134.062,6190.0,2,,Spot,2.0,,,Image 1,120.0,,,
ABpl,Intensity Max,2329.0,2635.0,2482.0,153.0,2482.0,2405.625,2558.625,4964.0,2,,Spot,2.0,,,Image 1,121.0,,,
ABpl,Intensity Max,2525.0,3121.0,2823.0,298.0,2823.0,2674.25,2972.25,5646.0,2,,Spot,2.0,,,Image 1,122.0,,,
ABpl,Intensity Max,2626.0,2634.0,2630.0,4.0,2630.0,2628.004,2632.004,5260.0,2,,Spot,2.0,,,Image 1,123.0,,,
ABpl,Intensity Max,2496.0,2715.0,2605.5,109.5,2605.5,2550.812,2660.312,5211.0,2,,Spot,2.0,,,Image 1,124.0,,,
ABpl,Intensity Max,2701.0,3749.0,3225.0,524.0,3225.0,2963.5,3487.5,6450.0,2,,Spot,2.0,,,Image 1,125.0,,,
ABpl,Intensity Max,2279.0,2951.0,2615.0,336.0,2615.0,2447.25,2783.25,5230.0,2,,Spot,2.0,,,Image 1,126.0,,,
ABpl,Intensity Max,2582.0,2768.0,2675.0,93.0,2675.0,2628.562,2721.562,5350.0,2,,Spot,2.0,,,Image 1,127.0,,,
ABpl,Intensity Max,2781.0,2866.0,2823.5,42.5,2823.5,2802.281,2844.781,5647.0,2,,Spot,2.0,,,Image 1,128.0,,,
ABpl,Intensity Max,2523.0,2975.0,2749.0,226.0,2749.0,2636.125,2862.125,5498.0,2,,Spot,2.0,,,Image 1,129.0,,,
ABpl,Intensity Max,2009.0,2465.0,2237.0,228.0,2237.0,2123.125,2351.125,4474.0,2,,Spot,2.0,,,Image 1,130.0,,,
ABpl,Intensity Max,2261.0,2580.0,2420.5,159.5,2420.5,2340.875,2500.375,4841.0,2,,Spot,2.0,,,Image 1,131.0,,,
ABpl,Intensity Max,2466.0,2536.0,2501.0,35.0,2501.0,2483.531,2518.531,5002.0,2,,Spot,2.0,,,Image 1,132.0,,,
ABpl,Intensity Max,1529.0,2381.0,1955.0,426.0,1955.0,1742.25,2168.25,3910.0,2,,Spot,2.0,,,Image 1,133.0,,,
ABpl,Intensity Max,2170.0,2826.0,2498.0,328.0,2498.0,2334.25,2662.25,4996.0,2,,Spot,2.0,,,Image 1,134.0,,,
ABpl,Intensity Max,2456.0,2671.0,2563.5,107.5,2563.5,2509.812,2617.312,5127.0,2,,Spot,2.0,,,Image 1,135.0,,,
ABpl,Intensity Max,2492.0,2627.0,2559.5,67.5,2559.5,2525.812,2593.312,5119.0,2,,Spot,2.0,,,Image 1,136.0,,,
ABpl,Intensity Max,2362.0,2507.0,2434.5,72.5,2434.5,2398.312,2470.812,4869.0,2,,Spot,2.0,,,Image 1,137.0,,,
ABpl,Intensity Max,2459.0,2731.0,2595.0,136.0,2595.0,2527.125,2663.125,5190.0,2,,Spot,2.0,,,Image 1,138.0,,,
ABpl,Intensity Max,2189.0,2734.0,2461.5,272.5,2461.5,2325.5,2598.0,4923.0,2,,Spot,2.0,,,Image 1,139.0,,,
ABpl,Intensity Max,2028.0,2845.0,2436.5,408.5,2436.5,2232.5,2641.0,4873.0,2,,Spot,2.0,,,Image 1,140.0,,,
ABpl,Intensity Max,2687.0,2775.0,2731.0,44.0,2731.0,2709.031,2753.031,5462.0,2,,Spot,2.0,,,Image 1,141.0,,,
ABpl,Intensity Max,2343.0,2438.0,2390.5,47.5,2390.5,2366.781,2414.281,4781.0,2,,Spot,2.0,,,Image 1,142.0,,,
ABpl,Intensity Max,2135.0,2176.0,2155.5,20.5,2155.5,2145.266,2165.766,4311.0,2,,Spot,2.0,,,Image 1,143.0,,,
ABpl,Intensity Max,1649.0,2274.0,1961.5,312.5,1961.5,1805.5,2118.0,3923.0,2,,Spot,2.0,,,Image 1,144.0,,,
ABpl,Intensity Max,1519.0,2038.0,1778.5,259.5,1778.5,1649.0,1908.5,3557.0,2,,Spot,2.0,,,Image 1,145.0,,,
ABpl,Intensity Max,1754.0,2264.0,2009.0,255.0,2009.0,1881.75,2136.75,4018.0,2,,Spot,2.0,,,Image 1,146.0,,,
ABpl,Intensity Max,1390.0,1565.0,1477.5,87.5,1477.5,1433.812,1521.312,2955.0,2,,Spot,2.0,,,Image 1,147.0,,,
ABpl,Intensity Max,1581.0,1976.0,1778.5,197.5,1778.5,1679.875,1877.375,3557.0,2,,Spot,2.0,,,Image 1,148.0,,,
ABpl,Intensity Max,1685.0,1817.0,1751.0,66.0,1751.0,1718.062,1784.062,3502.0,2,,Spot,2.0,,,Image 1,149.0,,,
ABpl,Intensity Max,1671.0,1799.0,1735.0,64.0,1735.0,1703.062,1767.062,3470.0,2,,Spot,2.0,,,Image 1,150.0,,,
ABpl,Intensity Max,1670.0,1929.0,1799.5,129.5,1799.5,1734.875,1864.375,3599.0,2,,Spot,2.0,,,Image 1,151.0,,,
ABpl,Intensity Max,1834.0,1967.0,1900.5,66.5,1900.5,1867.312,1933.812,3801.0,2,,Spot,2.0,,,Image 1,152.0,,,
ABpl,Intensity Max,2090.0,2801.0,2445.5,355.5,2445.5,2268.0,2623.5,4891.0,2,,Spot,2.0,,,Image 1,153.0,,,
ABpl,Intensity Max,1893.0,1970.0,1931.5,38.5,1931.5,1912.281,1950.781,3863.0,2,,Spot,2.0,,,Image 1,154.0,,,
ABpl,Intensity Max,1965.0,2137.0,2051.0,86.0,2051.0,2008.062,2094.062,4102.0,2,,Spot,2.0,,,Image 1,155.0,,,
ABpl,Intensity Max,2158.0,2489.0,2323.5,165.5,2323.5,2240.875,2406.375,4647.0,2,,Spot,2.0,,,Image 1,156.0,,,
ABpl,Intensity Max,1931.0,2522.0,2226.5,295.5,2226.5,2079.0,2374.5,4453.0,2,,Spot,2.0,,,Image 1,157.0,,,
ABpl,Intensity Max,1901.0,1979.0,1940.0,39.0,1940.0,1920.531,1959.531,3880.0,2,,Spot,2.0,,,Image 1,158.0,,,
ABpl,Intensity Max,1553.0,2238.0,1895.5,342.5,1895.5,1724.5,2067.0,3791.0,2,,Spot,2.0,,,Image 1,159.0,,,
ABpl,Intensity Max,1585.0,2150.0,1867.5,282.5,1867.5,1726.5,2009.0,3735.0,2,,Spot,2.0,,,Image 1,160.0,,,
ABpl,Intensity Max,1649.0,1853.0,1751.0,102.0,1751.0,1700.062,1802.062,3502.0,2,,Spot,2.0,,,Image 1,161.0,,,
ABpl,Intensity Max,1765.0,2063.0,1914.0,149.0,1914.0,1839.625,1988.625,3828.0,2,,Spot,2.0,,,Image 1,162.0,,,
ABpl,Intensity Max,1466.0,1896.0,1681.0,215.0,1681.0,1573.625,1788.625,3362.0,2,,Spot,2.0,,,Image 1,163.0,,,
ABpl,Intensity Max,1110.0,1918.0,1514.0,404.0,1514.0,1312.25,1716.25,3028.0,2,,Spot,2.0,,,Image 1,164.0,,,
ABpl,Intensity Max,1699.0,2222.0,1960.5,261.5,1960.5,1830.0,2091.5,3921.0,2,,Spot,2.0,,,Image 1,165.0,,,
ABpl,Intensity Max,1903.0,2040.0,1971.5,68.5,1971.5,1937.312,2005.812,3943.0,2,,Spot,2.0,,,Image 1,166.0,,,
ABpl,Intensity Max,1766.0,2350.0,2058.0,292.0,2058.0,1912.25,2204.25,4116.0,2,,Spot,2.0,,,Image 1,167.0,,,
ABpl,Intensity Max,1968.0,2067.0,2017.5,49.5,2017.5,1992.781,2042.281,4035.0,2,,Spot,2.0,,,Image 1,168.0,,,
ABpl,Intensity Max,2032.0,2034.0,2033.0,1.0,2033.0,2032.501,2033.501,4066.0,2,,Spot,2.0,,,Image 1,169.0,,,
ABpl,Intensity Max,1772.0,2154.0,1963.0,191.0,1963.0,1867.625,2058.625,3926.0,2,,Spot,2.0,,,Image 1,170.0,,,
ABpl,Intensity Max,1436.0,1777.0,1606.5,170.5,1606.5,1521.375,1691.875,3213.0,2,,Spot,2.0,,,Image 1,171.0,,,
ABpl,Intensity Max,1527.0,1967.0,1747.0,220.0,1747.0,1637.125,1857.125,3494.0,2,,Spot,2.0,,,Image 1,172.0,,,
ABpl,Intensity Max,2151.0,2151.0,2151.0,0.0,2151.0,2151.0,2151.0,2151.0,1,,Spot,2.0,,,Image 1,173.0,,,
ABar,Intensity Max,648.0,648.0,648.0,0.0,648.0,648.0,648.0,648.0,1,,Spot,2.0,,,Image 1,58.0,,,
ABar,Intensity Max,487.0,487.0,487.0,0.0,487.0,487.0,487.0,487.0,1,,Spot,2.0,,,Image 1,59.0,,,
ABar,Intensity Max,810.0,810.0,810.0,0.0,810.0,810.0,810.0,810.0,1,,Spot,2.0,,,Image 1,60.0,,,
ABar,Intensity Max,731.0,731.0,731.0,0.0,731.0,731.0,731.0,731.0,1,,Spot,2.0,,,Image 1,61.0,,,
ABar,Intensity Max,1074.0,1074.0,1074.0,0.0,1074.0,1074.0,1074.0,1074.0,1,,Spot,2.0,,,Image 1,62.0,,,
ABar,Intensity Max,1127.0,1127.0,1127.0,0.0,1127.0,1127.0,1127.0,1127.0,1,,Spot,2.0,,,Image 1,63.0,,,
ABar,Intensity Max,1343.0,1343.0,1343.0,0.0,1343.0,1343.0,1343.0,1343.0,1,,Spot,2.0,,,Image 1,64.0,,,
ABar,Intensity Max,849.0,1403.0,1126.0,277.0,1126.0,987.75,1264.75,2252.0,2,,Spot,2.0,,,Image 1,65.0,,,
ABar,Intensity Max,682.0,1576.0,1129.0,447.0,1129.0,905.75,1352.75,2258.0,2,,Spot,2.0,,,Image 1,66.0,,,
ABar,Intensity Max,972.0,1479.0,1225.5,253.5,1225.5,1099.0,1352.5,2451.0,2,,Spot,2.0,,,Image 1,67.0,,,
ABar,Intensity Max,1118.0,1239.0,1178.5,60.5,1178.5,1148.281,1208.781,2357.0,2,,Spot,2.0,,,Image 1,68.0,,,
ABar,Intensity Max,821.0,1178.0,999.5,178.5,999.5,910.375,1088.875,1999.0,2,,Spot,2.0,,,Image 1,69.0,,,
ABar,Intensity Max,1099.0,1307.0,1203.0,104.0,1203.0,1151.062,1255.062,2406.0,2,,Spot,2.0,,,Image 1,70.0,,,
ABar,Intensity Max,890.0,1243.0,1066.5,176.5,1066.5,978.375,1154.875,2133.0,2,,Spot,2.0,,,Image 1,71.0,,,
ABar,Intensity Max,1007.0,1043.0,1025.0,18.0,1025.0,1016.016,1034.016,2050.0,2,,Spot,2.0,,,Image 1,72.0,,,
ABar,Intensity Max,1211.0,1331.0,1271.0,60.0,1271.0,1241.031,1301.031,2542.0,2,,Spot,2.0,,,Image 1,73.0,,,
ABar,Intensity Max,980.0,1556.0,1268.0,288.0,1268.0,1124.25,1412.25,2536.0,2,,Spot,2.0,,,Image 1,74.0,,,
ABar,Intensity Max,763.0,1063.0,913.0,150.0,913.0,838.125,988.125,1826.0,2,,Spot,2.0,,,Image 1,75.0,,,
ABar,Intensity Max,920.0,1092.0,1006.0,86.0,1006.0,963.062,1049.062,2012.0,2,,Spot,2.0,,,Image 1,76.0,,,
ABar,Intensity Max,673.0,734.0,703.5,30.5,703.5,688.266,718.766,1407.0,2,,Spot,2.0,,,Image 1,77.0,,,
ABar,Intensity Max,795.0,795.0,795.0,0.0,795.0,795.0,795.0,795.0,1,,Spot,2.0,,,Image 1,78.0,,,
ABar,Intensity Max,1230.0,1230.0,1230.0,0.0,1230.0,1230.0,1230.0,1230.0,1,,Spot,2.0,,,Image 1,79.0,,,
ABar,Intensity Max,1021.0,1021.0,1021.0,0.0,1021.0,1021.0,1021.0,1021.0,1,,Spot,2.0,,,Image 1,80.0,,,
ABar,Intensity Max,993.0,993.0,993.0,0.0,993.0,993.0,993.0,993.0,1,,Spot,2.0,,,Image 1,81.0,,,
ABar,Intensity Max,924.0,924.0,924.0,0.0,924.0,924.0,924.0,924.0,1,,Spot,2.0,,,Image 1,82.0,,,
ABar,Intensity Max,986.0,986.0,986.0,0.0,986.0,986.0,986.0,986.0,1,,Spot,2.0,,,Image 1,83.0,,,
ABar,Intensity Max,1065.0,1065.0,1065.0,0.0,1065.0,1065.0,1065.0,1065.0,1,,Spot,2.0,,,Image 1,84.0,,,
ABar,Intensity Max,920.0,920.0,920.0,0.0,920.0,920.0,920.0,920.0,1,,Spot,2.0,,,Image 1,85.0,,,
ABar,Intensity Max,969.0,969.0,969.0,0.0,969.0,969.0,969.0,969.0,1,,Spot,2.0,,,Image 1,86.0,,,
ABar,Intensity Max,1040.0,1040.0,1040.0,0.0,1040.0,1040.0,1040.0,1040.0,1,,Spot,2.0,,,Image 1,87.0,,,
ABar,Intensity Max,1064.0,1064.0,1064.0,0.0,1064.0,1064.0,1064.0,1064.0,1,,Spot,2.0,,,Image 1,88.0,,,
ABar,Intensity Max,929.0,929.0,929.0,0.0,929.0,929.0,929.0,929.0,1,,Spot,2.0,,,Image 1,89.0,,,
ABar,Intensity Max,1080.0,1080.0,1080.0,0.0,1080.0,1080.0,1080.0,1080.0,1,,Spot,2.0,,,Image 1,90.0,,,
ABar,Intensity Max,734.0,734.0,734.0,0.0,734.0,734.0,734.0,734.0,1,,Spot,2.0,,,Image 1,91.0,,,
ABar,Intensity Max,688.0,688.0,688.0,0.0,688.0,688.0,688.0,688.0,1,,Spot,2.0,,,Image 1,92.0,,,
ABar,Intensity Max,745.0,745.0,745.0,0.0,745.0,745.0,745.0,745.0,1,,Spot,2.0,,,Image 1,93.0,,,
ABar,Intensity Max,808.0,808.0,808.0,0.0,808.0,808.0,808.0,808.0,1,,Spot,2.0,,,Image 1,94.0,,,
ABar,Intensity Max,644.0,644.0,644.0,0.0,644.0,644.0,644.0,644.0,1,,Spot,2.0,,,Image 1,95.0,,,
ABar,Intensity Max,823.0,823.0,823.0,0.0,823.0,823.0,823.0,823.0,1,,Spot,2.0,,,Image 1,96.0,,,
ABar,Intensity Max,760.0,760.0,760.0,0.0,760.0,760.0,760.0,760.0,1,,Spot,2.0,,,Image 1,97.0,,,
ABar,Intensity Max,735.0,735.0,735.0,0.0,735.0,735.0,735.0,735.0,1,,Spot,2.0,,,Image 1,98.0,,,
ABar,Intensity Max,872.0,872.0,872.0,0.0,872.0,872.0,872.0,872.0,1,,Spot,2.0,,,Image 1,99.0,,,
ABar,Intensity Max,824.0,824.0,824.0,0.0,824.0,824.0,824.0,824.0,1,,Spot,2.0,,,Image 1,100.0,,,
ABar,Intensity Max,979.0,979.0,979.0,0.0,979.0,979.0,979.0,979.0,1,,Spot,2.0,,,Image 1,101.0,,,
ABar,Intensity Max,705.0,705.0,705.0,0.0,705.0,705.0,705.0,705.0,1,,Spot,2.0,,,Image 1,102.0,,,
ABar,Intensity Max,737.0,737.0,737.0,0.0,737.0,737.0,737.0,737.0,1,,Spot,2.0,,,Image 1,103.0,,,
ABar,Intensity Max,758.0,758.0,758.0,0.0,758.0,758.0,758.0,758.0,1,,Spot,2.0,,,Image 1,104.0,,,
ABar,Intensity Max,842.0,842.0,842.0,0.0,842.0,842.0,842.0,842.0,1,,Spot,2.0,,,Image 1,105.0,,,
ABar,Intensity Max,786.0,786.0,786.0,0.0,786.0,786.0,786.0,786.0,1,,Spot,2.0,,,Image 1,106.0,,,
ABar,Intensity Max,774.0,774.0,774.0,0.0,774.0,774.0,774.0,774.0,1,,Spot,2.0,,,Image 1,107.0,,,
ABar,Intensity Max,625.0,625.0,625.0,0.0,625.0,625.0,625.0,625.0,1,,Spot,2.0,,,Image 1,108.0,,,
ABar,Intensity Max,629.0,629.0,629.0,0.0,629.0,629.0,629.0,629.0,1,,Spot,2.0,,,Image 1,109.0,,,
ABar,Intensity Max,837.0,837.0,837.0,0.0,837.0,837.0,837.0,837.0,1,,Spot,2.0,,,Image 1,110.0,,,
ABar,Intensity Max,692.0,692.0,692.0,0.0,692.0,692.0,692.0,692.0,1,,Spot,2.0,,,Image 1,111.0,,,
ABar,Intensity Max,723.0,723.0,723.0,0.0,723.0,723.0,723.0,723.0,1,,Spot,2.0,,,Image 1,112.0,,,
ABar,Intensity Max,855.0,855.0,855.0,0.0,855.0,855.0,855.0,855.0,1,,Spot,2.0,,,Image 1,113.0,,,
ABar,Intensity Max,1020.0,1020.0,1020.0,0.0,1020.0,1020.0,1020.0,1020.0,1,,Spot,2.0,,,Image 1,114.0,,,
ABar,Intensity Max,927.0,927.0,927.0,0.0,927.0,927.0,927.0,927.0,1,,Spot,2.0,,,Image 1,115.0,,,
ABar,Intensity Max,1098.0,1098.0,1098.0,0.0,1098.0,1098.0,1098.0,1098.0,1,,Spot,2.0,,,Image 1,116.0,,,
ABar,Intensity Max,831.0,831.0,831.0,0.0,831.0,831.0,831.0,831.0,1,,Spot,2.0,,,Image 1,117.0,,,
ABar,Intensity Max,864.0,864.0,864.0,0.0,864.0,864.0,864.0,864.0,1,,Spot,2.0,,,Image 1,118.0,,,
ABar,Intensity Max,958.0,958.0,958.0,0.0,958.0,958.0,958.0,958.0,1,,Spot,2.0,,,Image 1,119.0,,,
ABar,Intensity Max,950.0,950.0,950.0,0.0,950.0,950.0,950.0,950.0,1,,Spot,2.0,,,Image 1,120.0,,,
ABar,Intensity Max,791.0,791.0,791.0,0.0,791.0,791.0,791.0,791.0,1,,Spot,2.0,,,Image 1,121.0,,,
ABar,Intensity Max,986.0,986.0,986.0,0.0,986.0,986.0,986.0,986.0,1,,Spot,2.0,,,Image 1,122.0,,,
ABar,Intensity Max,742.0,742.0,742.0,0.0,742.0,742.0,742.0,742.0,1,,Spot,2.0,,,Image 1,123.0,,,
ABar,Intensity Max,829.0,829.0,829.0,0.0,829.0,829.0,829.0,829.0,1,,Spot,2.0,,,Image 1,124.0,,,
ABar,Intensity Max,771.0,771.0,771.0,0.0,771.0,771.0,771.0,771.0,1,,Spot,2.0,,,Image 1,125.0,,,
ABar,Intensity Max,672.0,672.0,672.0,0.0,672.0,672.0,672.0,672.0,1,,Spot,2.0,,,Image 1,126.0,,,
ABar,Intensity Max,676.0,676.0,676.0,0.0,676.0,676.0,676.0,676.0,1,,Spot,2.0,,,Image 1,127.0,,,
ABar,Intensity Max,941.0,941.0,941.0,0.0,941.0,941.0,941.0,941.0,1,,Spot,2.0,,,Image 1,128.0,,,
ABar,Intensity Max,1019.0,1019.0,1019.0,0.0,1019.0,1019.0,1019.0,1019.0,1,,Spot,2.0,,,Image 1,129.0,,,
ABar,Intensity Max,871.0,871.0,871.0,0.0,871.0,871.0,871.0,871.0,1,,Spot,2.0,,,Image 1,130.0,,,
ABar,Intensity Max,835.0,835.0,835.0,0.0,835.0,835.0,835.0,835.0,1,,Spot,2.0,,,Image 1,131.0,,,
ABar,Intensity Max,1064.0,1064.0,1064.0,0.0,1064.0,1064.0,1064.0,1064.0,1,,Spot,2.0,,,Image 1,132.0,,,
ABar,Intensity Max,1088.0,1088.0,1088.0,0.0,1088.0,1088.0,1088.0,1088.0,1,,Spot,2.0,,,Image 1,133.0,,,
ABar,Intensity Max,985.0,985.0,985.0,0.0,985.0,985.0,985.0,985.0,1,,Spot,2.0,,,Image 1,134.0,,,
ABar,Intensity Max,866.0,866.0,866.0,0.0,866.0,866.0,866.0,866.0,1,,Spot,2.0,,,Image 1,135.0,,,
ABar,Intensity Max,609.0,609.0,609.0,0.0,609.0,609.0,609.0,609.0,1,,Spot,2.0,,,Image 1,136.0,,,
ABar,Intensity Max,798.0,798.0,798.0,0.0,798.0,798.0,798.0,798.0,1,,Spot,2.0,,,Image 1,137.0,,,
ABar,Intensity Max,756.0,756.0,756.0,0.0,756.0,756.0,756.0,756.0,1,,Spot,2.0,,,Image 1,140.0,,,
ABar,Intensity Max,813.0,813.0,813.0,0.0,813.0,813.0,813.0,813.0,1,,Spot,2.0,,,Image 1,141.0,,,
ABpr,Intensity Max,1457.0,1457.0,1457.0,0.0,1457.0,1457.0,1457.0,1457.0,1,,Spot,2.0,,,Image 1,58.0,,,
ABpr,Intensity Max,1476.0,1476.0,1476.0,0.0,1476.0,1476.0,1476.0,1476.0,1,,Spot,2.0,,,Image 1,59.0,,,
ABpr,Intensity Max,1530.0,1530.0,1530.0,0.0,1530.0,1530.0,1530.0,1530.0,1,,Spot,2.0,,,Image 1,60.0,,,
ABpr,Intensity Max,1611.0,1611.0,1611.0,0.0,1611.0,1611.0,1611.0,1611.0,1,,Spot,2.0,,,Image 1,61.0,,,
ABpr,Intensity Max,1769.0,1769.0,1769.0,0.0,1769.0,1769.0,1769.0,1769.0,1,,Spot,2.0,,,Image 1,62.0,,,
ABpr,Intensity Max,1602.0,1602.0,1602.0,0.0,1602.0,1602.0,1602.0,1602.0,1,,Spot,2.0,,,Image 1,63.0,,,
ABpr,Intensity Max,2117.0,2352.0,2234.5,117.5,2234.5,2175.812,2293.312,4469.0,2,,Spot,2.0,,,Image 1,64.0,,,
ABpr,Intensity Max,1944.0,2291.0,2117.5,173.5,2117.5,2030.875,2204.375,4235.0,2,,Spot,2.0,,,Image 1,65.0,,,
ABpr,Intensity Max,1525.0,1841.0,1683.0,158.0,1683.0,1604.125,1762.125,3366.0,2,,Spot,2.0,,,Image 1,66.0,,,
ABpr,Intensity Max,2092.0,2282.0,2187.0,95.0,2187.0,2139.562,2234.562,4374.0,2,,Spot,2.0,,,Image 1,67.0,,,
ABpr,Intensity Max,1711.0,2437.0,2074.0,363.0,2074.0,1892.75,2255.75,4148.0,2,,Spot,2.0,,,Image 1,68.0,,,
ABpr,Intensity Max,1619.0,2427.0,2023.0,404.0,2023.0,1821.25,2225.25,4046.0,2,,Spot,2.0,,,Image 1,69.0,,,
ABpr,Intensity Max,2187.0,2536.0,2361.5,174.5,2361.5,2274.375,2448.875,4723.0,2,,Spot,2.0,,,Image 1,70.0,,,
ABpr,Intensity Max,2012.0,2567.0,2289.5,277.5,2289.5,2151.0,2428.5,4579.0,2,,Spot,2.0,,,Image 1,71.0,,,
ABpr,Intensity Max,2302.0,2757.0,2529.5,227.5,2529.5,2415.875,2643.375,5059.0,2,,Spot,2.0,,,Image 1,72.0,,,
ABpr,Intensity Max,1391.0,2234.0,1812.5,421.5,1812.5,1602.0,2023.5,3625.0,2,,Spot,2.0,,,Image 1,73.0,,,
ABpr,Intensity Max,2315.0,2657.0,2486.0,171.0,2486.0,2400.625,2571.625,4972.0,2,,Spot,2.0,,,Image 1,74.0,,,
ABpr,Intensity Max,2267.0,2618.0,2442.5,175.5,2442.5,2354.875,2530.375,4885.0,2,,Spot,2.0,,,Image 1,75.0,,,
ABpr,Intensity Max,2017.0,2334.0,2175.5,158.5,2175.5,2096.375,2254.875,4351.0,2,,Spot,2.0,,,Image 1,76.0,,,
ABpr,Intensity Max,2193.0,2639.0,2416.0,223.0,2416.0,2304.625,2527.625,4832.0,2,,Spot,2.0,,,Image 1,77.0,,,
ABpr,Intensity Max,2248.0,2264.0,2256.0,8.0,2256.0,2252.008,2260.008,4512.0,2,,Spot,2.0,,,Image 1,78.0,,,
ABpr,Intensity Max,2030.0,3219.0,2624.5,594.5,2624.5,2327.75,2922.25,5249.0,2,,Spot,2.0,,,Image 1,79.0,,,
ABpr,Intensity Max,1988.0,2103.0,2045.5,57.5,2045.5,2016.781,2074.281,4091.0,2,,Spot,2.0,,,Image 1,80.0,,,
ABpr,Intensity Max,2098.0,2467.0,2282.5,184.5,2282.5,2190.375,2374.875,4565.0,2,,Spot,2.0,,,Image 1,81.0,,,
ABpr,Intensity Max,2463.0,2989.0,2726.0,263.0,2726.0,2594.75,2857.75,5452.0,2,,Spot,2.0,,,Image 1,82.0,,,
ABpr,Intensity Max,2091.0,2506.0,2298.5,207.5,2298.5,2194.875,2402.375,4597.0,2,,Spot,2.0,,,Image 1,83.0,,,
ABpr,Intensity Max,1502.0,2501.0,2001.5,499.5,2001.5,1752.0,2251.5,4003.0,2,,Spot,2.0,,,Image 1,84.0,,,
ABpr,Intensity Max,1380.0,3152.0,2266.0,886.0,2266.0,1823.5,2709.5,4532.0,2,,Spot,2.0,,,Image 1,85.0,,,
ABpr,Intensity Max,2047.0,2748.0,2397.5,350.5,2397.5,2222.5,2573.0,4795.0,2,,Spot,2.0,,,Image 1,86.0,,,
ABpr,Intensity Max,2124.0,2980.0,2552.0,428.0,2552.0,2338.25,2766.25,5104.0,2,,Spot,2.0,,,Image 1,87.0,,,
ABpr,Intensity Max,1407.0,2615.0,2011.0,604.0,2011.0,1709.5,2313.5,4022.0,2,,Spot,2.0,,,Image 1,88.0,,,
ABpr,Intensity Max,2030.0,2788.0,2409.0,379.0,2409.0,2219.75,2598.75,4818.0,2,,Spot,2.0,,,Image 1,89.0,,,
ABpr,Intensity Max,1508.0,1731.0,1619.5,111.5,1619.5,1563.812,1675.312,3239.0,2,,Spot,2.0,,,Image 1,90.0,,,
ABpr,Intensity Max,1705.0,2107.0,1906.0,201.0,1906.0,1805.625,2006.625,3812.0,2,,Spot,2.0,,,Image 1,91.0,,,
ABpr,Intensity Max,1415.0,1465.0,1440.0,25.0,1440.0,1427.516,1452.516,2880.0,2,,Spot,2.0,,,Image 1,92.0,,,
ABpr,Intensity Max,2179.0,2493.0,2336.0,157.0,2336.0,2257.625,2414.625,4672.0,2,,Spot,2.0,,,Image 1,93.0,,,
ABpr,Intensity Max,2761.0,2873.0,2817.0,56.0,2817.0,2789.031,2845.031,5634.0,2,,Spot,2.0,,,Image 1,94.0,,,
ABpr,Intensity Max,2522.0,3088.0,2805.0,283.0,2805.0,2663.75,2946.75,5610.0,2,,Spot,2.0,,,Image 1,95.0,,,
ABpr,Intensity Max,2222.0,2340.0,2281.0,59.0,2281.0,2251.531,2310.531,4562.0,2,,Spot,2.0,,,Image 1,96.0,,,
ABpr,Intensity Max,1781.0,2275.0,2028.0,247.0,2028.0,1904.625,2151.625,4056.0,2,,Spot,2.0,,,Image 1,97.0,,,
ABpr,Intensity Max,2102.0,2542.0,2322.0,220.0,2322.0,2212.125,2432.125,4644.0,2,,Spot,2.0,,,Image 1,98.0,,,
ABpr,Intensity Max,1975.0,2260.0,2117.5,142.5,2117.5,2046.375,2188.875,4235.0,2,,Spot,2.0,,,Image 1,99.0,,,
ABpr,Intensity Max,2215.0,2730.0,2472.5,257.5,2472.5,2344.0,2601.5,4945.0,2,,Spot,2.0,,,Image 1,100.0,,,
ABpr,Intensity Max,2012.0,2379.0,2195.5,183.5,2195.5,2103.875,2287.375,4391.0,2,,Spot,2.0,,,Image 1,101.0,,,
ABpr,Intensity Max,2012.0,2049.0,2030.5,18.5,2030.5,2021.266,2039.766,4061.0,2,,Spot,2.0,,,Image 1,102.0,,,
ABpr,Intensity Max,1838.0,2324.0,2081.0,243.0,2081.0,1959.625,2202.625,4162.0,2,,Spot,2.0,,,Image 1,103.0,,,
ABpr,Intensity Max,1816.0,2423.0,2119.5,303.5,2119.5,1968.0,2271.5,4239.0,2,,Spot,2.0,,,Image 1,104.0,,,
ABpr,Intensity Max,1938.0,2109.0,2023.5,85.5,2023.5,1980.812,2066.312,4047.0,2,,Spot,2.0,,,Image 1,105.0,,,
ABpr,Intensity Max,1570.0,2062.0,1816.0,246.0,1816.0,1693.125,1939.125,3632.0,2,,Spot,2.0,,,Image 1,106.0,,,
ABpr,Intensity Max,2183.0,3175.0,2679.0,496.0,2679.0,2431.25,2927.25,5358.0,2,,Spot,2.0,,,Image 1,107.0,,,
ABpr,Intensity Max,1414.0,2210.0,1812.0,398.0,1812.0,1613.25,2011.25,3624.0,2,,Spot,2.0,,,Image 1,108.0,,,
ABpr,Intensity Max,2018.0,2285.0,2151.5,133.5,2151.5,2084.875,2218.375,4303.0,2,,Spot,2.0,,,Image 1,109.0,,,
ABpr,Intensity Max,2314.0,2696.0,2505.0,191.0,2505.0,2409.625,2600.625,5010.0,2,,Spot,2.0,,,Image 1,110.0,,,
ABpr,Intensity Max,2078.0,2160.0,2119.0,41.0,2119.0,2098.531,2139.531,4238.0,2,,Spot,2.0,,,Image 1,111.0,,,
ABpr,Intensity Max,2105.0,2253.0,2179.0,74.0,2179.0,2142.062,2216.062,4358.0,2,,Spot,2.0,,,Image 1,112.0,,,
ABpr,Intensity Max,2019.0,2350.0,2184.5,165.5,2184.5,2101.875,2267.375,4369.0,2,,Spot,2.0,,,Image 1,113.0,,,
ABpr,Intensity Max,1882.0,1921.0,1901.5,19.5,1901.5,1891.766,1911.266,3803.0,2,,Spot,2.0,,,Image 1,114.0,,,
ABpr,Intensity Max,2019.0,2244.0,2131.5,112.5,2131.5,2075.312,2187.812,4263.0,2,,Spot,2.0,,,Image 1,115.0,,,
ABpr,Intensity Max,1919.0,1986.0,1952.5,33.5,1952.5,1935.781,1969.281,3905.0,2,,Spot,2.0,,,Image 1,116.0,,,
ABpr,Intensity Max,1574.0,1741.0,1657.5,83.5,1657.5,1615.812,1699.312,3315.0,2,,Spot,2.0,,,Image 1,117.0,,,
ABpr,Intensity Max,1830.0,1907.0,1868.5,38.5,1868.5,1849.281,1887.781,3737.0,2,,Spot,2.0,,,Image 1,118.0,,,
ABpr,Intensity Max,1562.0,1758.0,1660.0,98.0,1660.0,1611.062,1709.062,3320.0,2,,Spot,2.0,,,Image 1,119.0,,,
ABpr,Intensity Max,1474.0,1721.0,1597.5,123.5,1597.5,1535.812,1659.312,3195.0,2,,Spot,2.0,,,Image 1,120.0,,,
ABpr,Intensity Max,1432.0,1999.0,1715.5,283.5,1715.5,1574.0,1857.5,3431.0,2,,Spot,2.0,,,Image 1,121.0,,,
ABpr,Intensity Max,1448.0,2068.0,1758.0,310.0,1758.0,1603.25,1913.25,3516.0,2,,Spot,2.0,,,Image 1,122.0,,,
ABpr,Intensity Max,1409.0,1924.0,1666.5,257.5,1666.5,1538.0,1795.5,3333.0,2,,Spot,2.0,,,Image 1,123.0,,,
ABpr,Intensity Max,1134.0,1730.0,1432.0,298.0,1432.0,1283.25,1581.25,2864.0,2,,Spot,2.0,,,Image 1,124.0,,,
ABpr,Intensity Max,1416.0,1797.0,1606.5,190.5,1606.5,1511.375,1701.875,3213.0,2,,Spot,2.0,,,Image 1,125.0,,,
ABpr,Intensity Max,973.0,1403.0,1188.0,215.0,1188.0,1080.625,1295.625,2376.0,2,,Spot,2.0,,,Image 1,126.0,,,
ABpr,Intensity Max,1482.0,1528.0,1505.0,23.0,1505.0,1493.516,1516.516,3010.0,2,,Spot,2.0,,,Image 1,127.0,,,
ABpr,Intensity Max,1409.0,1738.0,1573.5,164.5,1573.5,1491.375,1655.875,3147.0,2,,Spot,2.0,,,Image 1,128.0,,,
ABpr,Intensity Max,1669.0,1826.0,1747.5,78.5,1747.5,1708.312,1786.812,3495.0,2,,Spot,2.0,,,Image 1,129.0,,,
ABpr,Intensity Max,1793.0,2044.0,1918.5,125.5,1918.5,1855.812,1981.188,3837.0,2,,Spot,2.0,,,Image 1,130.0,,,
ABpr,Intensity Max,1398.0,1566.0,1482.0,84.0,1482.0,1440.062,1524.062,2964.0,2,,Spot,2.0,,,Image 1,131.0,,,
ABpr,Intensity Max,1409.0,1826.0,1617.5,208.5,1617.5,1513.375,1721.875,3235.0,2,,Spot,2.0,,,Image 1,132.0,,,
ABpr,Intensity Max,1517.0,1859.0,1688.0,171.0,1688.0,1602.625,1773.625,3376.0,2,,Spot,2.0,,,Image 1,133.0,,,
ABpr,Intensity Max,1484.0,1814.0,1649.0,165.0,1649.0,1566.625,1731.625,3298.0,2,,Spot,2.0,,,Image 1,134.0,,,
ABpr,Intensity Max,1397.0,1699.0,1548.0,151.0,1548.0,1472.625,1623.625,3096.0,2,,Spot,2.0,,,Image 1,135.0,,,
ABpr,Intensity Max,1469.0,2269.0,1869.0,400.0,1869.0,1669.25,2069.25,3738.0,2,,Spot,2.0,,,Image 1,136.0,,,
ABpr,Intensity Max,1547.0,1800.0,1673.5,126.5,1673.5,1610.312,1736.688,3347.0,2,,Spot,2.0,,,Image 1,137.0,,,
ABpr,Intensity Max,1538.0,2221.0,1879.5,341.5,1879.5,1709.0,2050.5,3759.0,2,,Spot,2.0,,,Image 1,138.0,,,
ABpr,Intensity Max,1709.0,1838.0,1773.5,64.5,1773.5,1741.312,1805.812,3547.0,2,,Spot,2.0,,,Image 1,139.0,,,
ABpr,Intensity Max,1747.0,2220.0,1983.5,236.5,1983.5,1865.375,2101.875,3967.0,2,,Spot,2.0,,,Image 1,140.0,,,
ABpr,Intensity Max,1649.0,1800.0,1724.5,75.5,1724.5,1686.812,1762.312,3449.0,2,,Spot,2.0,,,Image 1,141.0,,,
ABpr,Intensity Max,1311.0,1510.0,1410.5,99.5,1410.5,1360.812,1460.312,2821.0,2,,Spot,2.0,,,Image 1,142.0,,,
ABpr,Intensity Max,1424.0,1696.0,1560.0,136.0,1560.0,1492.125,1628.125,3120.0,2,,Spot,2.0,,,Image 1,143.0,,,
ABpr,Intensity Max,1156.0,1820.0,1488.0,332.0,1488.0,1322.25,1654.25,2976.0,2,,Spot,2.0,,,Image 1,144.0,,,
ABpr,Intensity Max,993.0,1573.0,1283.0,290.0,1283.0,1138.25,1428.25,2566.0,2,,Spot,2.0,,,Image 1,145.0,,,
ABpr,Intensity Max,1130.0,1793.0,1461.5,331.5,1461.5,1296.0,1627.5,2923.0,2,,Spot,2.0,,,Image 1,146.0,,,
ABpr,Intensity Max,1014.0,1429.0,1221.5,207.5,1221.5,1117.875,1325.375,2443.0,2,,Spot,2.0,,,Image 1,147.0,,,
ABpr,Intensity Max,925.0,1512.0,1218.5,293.5,1218.5,1072.0,1365.5,2437.0,2,,Spot,2.0,,,Image 1,148.0,,,
ABpr,Intensity Max,997.0,1322.0,1159.5,162.5,1159.5,1078.375,1240.875,2319.0,2,,Spot,2.0,,,Image 1,149.0,,,
ABpr,Intensity Max,1161.0,1254.0,1207.5,46.5,1207.5,1184.281,1230.781,2415.0,2,,Spot,2.0,,,Image 1,150.0,,,
ABpr,Intensity Max,952.0,1550.0,1251.0,299.0,1251.0,1101.75,1400.75,2502.0,2,,Spot,2.0,,,Image 1,151.0,,,
ABpr,Intensity Max,1137.0,1591.0,1364.0,227.0,1364.0,1250.625,1477.625,2728.0,2,,Spot,2.0,,,Image 1,152.0,,,
ABpr,Intensity Max,1040.0,1414.0,1227.0,187.0,1227.0,1133.625,1320.625,2454.0,2,,Spot,2.0,,,Image 1,153.0,,,
ABpr,Intensity Max,1137.0,1210.0,1173.5,36.5,1173.5,1155.281,1191.781,2347.0,2,,Spot,2.0,,,Image 1,154.0,,,
ABpr,Intensity Max,957.0,1395.0,1176.0,219.0,1176.0,1066.625,1285.625,2352.0,2,,Spot,2.0,,,Image 1,155.0,,,
ABpr,Intensity Max,978.0,1355.0,1166.5,188.5,1166.5,1072.375,1260.875,2333.0,2,,Spot,2.0,,,Image 1,156.0,,,
ABpr,Intensity Max,788.0,1669.0,1228.5,440.5,1228.5,1008.5,1449.0,2457.0,2,,Spot,2.0,,,Image 1,157.0,,,
ABpr,Intensity Max,937.0,1642.0,1289.5,352.5,1289.5,1113.5,1466.0,2579.0,2,,Spot,2.0,,,Image 1,158.0,,,
ABpr,Intensity Max,1276.0,1637.0,1456.5,180.5,1456.5,1366.375,1546.875,2913.0,2,,Spot,2.0,,,Image 1,159.0,,,
ABpr,Intensity Max,987.0,1818.0,1402.5,415.5,1402.5,1195.0,1610.5,2805.0,2,,Spot,2.0,,,Image 1,160.0,,,
ABpr,Intensity Max,1008.0,1366.0,1187.0,179.0,1187.0,1097.625,1276.625,2374.0,2,,Spot,2.0,,,Image 1,161.0,,,
ABpr,Intensity Max,1181.0,1941.0,1561.0,380.0,1561.0,1371.25,1751.25,3122.0,2,,Spot,2.0,,,Image 1,162.0,,,
ABpr,Intensity Max,1295.0,1668.0,1481.5,186.5,1481.5,1388.375,1574.875,2963.0,2,,Spot,2.0,,,Image 1,163.0,,,
ABpr,Intensity Max,1380.0,1812.0,1596.0,216.0,1596.0,1488.125,1704.125,3192.0,2,,Spot,2.0,,,Image 1,164.0,,,
ABpr,Intensity Max,1469.0,1623.0,1546.0,77.0,1546.0,1507.562,1584.562,3092.0,2,,Spot,2.0,,,Image 1,165.0,,,
ABpr,Intensity Max,1318.0,1843.0,1580.5,262.5,1580.5,1449.5,1712.0,3161.0,2,,Spot,2.0,,,Image 1,166.0,,,
ABpr,Intensity Max,1500.0,1506.0,1503.0,3.0,1503.0,1501.502,1504.502,3006.0,2,,Spot,2.0,,,Image 1,167.0,,,
ABpr,Intensity Max,1285.0,1366.0,1325.5,40.5,1325.5,1305.281,1345.781,2651.0,2,,Spot,2.0,,,Image 1,168.0,,,
ABpr,Intensity Max,1194.0,1511.0,1352.5,158.5,1352.5,1273.375,1431.875,2705.0,2,,Spot,2.0,,,Image 1,169.0,,,
ABpr,Intensity Max,1043.0,1731.0,1387.0,344.0,1387.0,1215.25,1559.25,2774.0,2,,Spot,2.0,,,Image 1,170.0,,,
ABpr,Intensity Max,1309.0,1486.0,1397.5,88.5,1397.5,1353.312,1441.812,2795.0,2,,Spot,2.0,,,Image 1,171.0,,,
ABpr,Intensity Max,1153.0,1405.0,1279.0,126.0,1279.0,1216.125,1342.125,2558.0,2,,Spot,2.0,,,Image 1,172.0,,,
ABpr,Intensity Max,853.0,1564.0,1208.5,355.5,1208.5,1031.0,1386.5,2417.0,2,,Spot,2.0,,,Image 1,173.0,,,
E,Intensity Max,3318.0,3324.0,3321.0,3.0,3321.0,3319.502,3322.502,6642.0,2,,Spot,2.0,,,Image 1,44.0,,,
E,Intensity Max,3101.0,3933.0,3517.0,416.0,3517.0,3309.25,3725.25,7034.0,2,,Spot,2.0,,,Image 1,45.0,,,
E,Intensity Max,4155.0,4520.0,4337.5,182.5,4337.5,4246.375,4428.875,8675.0,2,,Spot,2.0,,,Image 1,46.0,,,
E,Intensity Max,3088.0,3350.0,3219.0,131.0,3219.0,3153.625,3284.625,6438.0,2,,Spot,2.0,,,Image 1,47.0,,,
E,Intensity Max,2551.0,4152.0,3351.5,800.5,3351.5,2951.75,3752.25,6703.0,2,,Spot,2.0,,,Image 1,48.0,,,
E,Intensity Max,2560.0,3163.0,2861.5,301.5,2861.5,2711.0,3012.5,5723.0,2,,Spot,2.0,,,Image 1,49.0,,,
E,Intensity Max,2723.0,2763.0,2743.0,20.0,2743.0,2733.016,2753.016,5486.0,2,,Spot,2.0,,,Image 1,50.0,,,
E,Intensity Max,3803.0,3953.0,3878.0,75.0,3878.0,3840.562,3915.562,7756.0,2,,Spot,2.0,,,Image 1,51.0,,,
E,Intensity Max,2985.0,3186.0,3085.5,100.5,3085.5,3035.312,3135.812,6171.0,2,,Spot,2.0,,,Image 1,52.0,,,
E,Intensity Max,2291.0,3115.0,2703.0,412.0,2703.0,2497.25,2909.25,5406.0,2,,Spot,2.0,,,Image 1,53.0,,,
E,Intensity Max,2850.0,2850.0,2850.0,0.0,2850.0,2850.0,2850.0,2850.0,1,,Spot,2.0,,,Image 1,54.0,,,
E,Intensity Max,2280.0,2280.0,2280.0,0.0,2280.0,2280.0,2280.0,2280.0,1,,Spot,2.0,,,Image 1,55.0,,,
MS,Intensity Max,2760.0,2760.0,2760.0,0.0,2760.0,2760.0,2760.0,2760.0,1,,Spot,2.0,,,Image 1,42.0,,,
MS,Intensity Max,2547.0,3196.0,2871.5,324.5,2871.5,2709.5,3034.0,5743.0,2,,Spot,2.0,,,Image 1,43.0,,,
MS,Intensity Max,3796.0,3825.0,3810.5,14.5,3810.5,3803.258,3817.758,7621.0,2,,Spot,2.0,,,Image 1,44.0,,,
MS,Intensity Max,2724.0,4020.0,3372.0,648.0,3372.0,3048.5,3696.5,6744.0,2,,Spot,2.0,,,Image 1,45.0,,,
MS,Intensity Max,3873.0,4230.0,4051.5,178.5,4051.5,3962.375,4140.875,8103.0,2,,Spot,2.0,,,Image 1,46.0,,,
MS,Intensity Max,2708.0,2808.0,2758.0,50.0,2758.0,2733.031,2783.031,5516.0,2,,Spot,2.0,,,Image 1,47.0,,,
MS,Intensity Max,2876.0,3265.0,3070.5,194.5,3070.5,2973.375,3167.875,6141.0,2,,Spot,2.0,,,Image 1,48.0,,,
MS,Intensity Max,2279.0,2942.0,2610.5,331.5,2610.5,2445.0,2776.5,5221.0,2,,Spot,2.0,,,Image 1,49.0,,,
MS,Intensity Max,2851.0,2972.0,2911.5,60.5,2911.5,2881.281,2941.781,5823.0,2,,Spot,2.0,,,Image 1,50.0,,,
MS,Intensity Max,2261.0,2261.0,2261.0,0.0,2261.0,2261.0,2261.0,2261.0,1,,Spot,2.0,,,Image 1,51.0,,,
MS,Intensity Max,2461.0,2461.0,2461.0,0.0,2461.0,2461.0,2461.0,2461.0,1,,Spot,2.0,,,Image 1,52.0,,,
P3,Intensity Max,1106.0,2379.0,1742.5,636.5,1742.5,1424.75,2061.25,3485.0,2,,Spot,2.0,,,Image 1,44.0,,,
P3,Intensity Max,1133.0,1189.0,1161.0,28.0,1161.0,1147.016,1175.016,2322.0,2,,Spot,2.0,,,Image 1,45.0,,,
P3,Intensity Max,524.0,524.0,524.0,0.0,524.0,524.0,524.0,524.0,1,,Spot,2.0,,,Image 1,46.0,,,
P3,Intensity Max,587.0,998.0,792.5,205.5,792.5,689.875,895.375,1585.0,2,,Spot,2.0,,,Image 1,47.0,,,
P3,Intensity Max,686.0,686.0,686.0,0.0,686.0,686.0,686.0,686.0,1,,Spot,2.0,,,Image 1,66.0,,,
P3,Intensity Max,697.0,697.0,697.0,0.0,697.0,697.0,697.0,697.0,1,,Spot,2.0,,,Image 1,67.0,,,
P3,Intensity Max,647.0,647.0,647.0,0.0,647.0,647.0,647.0,647.0,1,,Spot,2.0,,,Image 1,68.0,,,
P3,Intensity Max,624.0,624.0,624.0,0.0,624.0,624.0,624.0,624.0,1,,Spot,2.0,,,Image 1,69.0,,,
P3,Intensity Max,700.0,700.0,700.0,0.0,700.0,700.0,700.0,700.0,1,,Spot,2.0,,,Image 1,70.0,,,
P3,Intensity Max,837.0,837.0,837.0,0.0,837.0,837.0,837.0,837.0,1,,Spot,2.0,,,Image 1,71.0,,,
P3,Intensity Max,444.0,444.0,444.0,0.0,444.0,444.0,444.0,444.0,1,,Spot,2.0,,,Image 1,72.0,,,
P3,Intensity Max,684.0,684.0,684.0,0.0,684.0,684.0,684.0,684.0,1,,Spot,2.0,,,Image 1,73.0,,,
P3,Intensity Max,622.0,622.0,622.0,0.0,622.0,622.0,622.0,622.0,1,,Spot,2.0,,,Image 1,74.0,,,
P3,Intensity Max,649.0,797.0,723.0,74.0,723.0,686.062,760.062,1446.0,2,,Spot,2.0,,,Image 1,75.0,,,
P3,Intensity Max,598.0,819.0,708.5,110.5,708.5,653.312,763.812,1417.0,2,,Spot,2.0,,,Image 1,76.0,,,
P3,Intensity Max,617.0,617.0,617.0,0.0,617.0,617.0,617.0,617.0,1,,Spot,2.0,,,Image 1,77.0,,,
P3,Intensity Max,542.0,970.0,756.0,214.0,756.0,649.125,863.125,1512.0,2,,Spot,2.0,,,Image 1,78.0,,,
P3,Intensity Max,810.0,974.0,892.0,82.0,892.0,851.062,933.062,1784.0,2,,Spot,2.0,,,Image 1,79.0,,,
P3,Intensity Max,656.0,810.0,733.0,77.0,733.0,694.562,771.562,1466.0,2,,Spot,2.0,,,Image 1,80.0,,,
P3,Intensity Max,839.0,839.0,839.0,0.0,839.0,839.0,839.0,839.0,1,,Spot,2.0,,,Image 1,81.0,,,
P3,Intensity Max,871.0,871.0,871.0,0.0,871.0,871.0,871.0,871.0,1,,Spot,2.0,,,Image 1,82.0,,,
P3,Intensity Max,608.0,608.0,608.0,0.0,608.0,608.0,608.0,608.0,1,,Spot,2.0,,,Image 1,83.0,,,
P3,Intensity Max,639.0,639.0,639.0,0.0,639.0,639.0,639.0,639.0,1,,Spot,2.0,,,Image 1,84.0,,,
P3,Intensity Max,659.0,659.0,659.0,0.0,659.0,659.0,659.0,659.0,1,,Spot,2.0,,,Image 1,85.0,,,
P3,Intensity Max,449.0,449.0,449.0,0.0,449.0,449.0,449.0,449.0,1,,Spot,2.0,,,Image 1,86.0,,,
P3,Intensity Max,813.0,813.0,813.0,0.0,813.0,813.0,813.0,813.0,1,,Spot,2.0,,,Image 1,87.0,,,
P3,Intensity Max,748.0,748.0,748.0,0.0,748.0,748.0,748.0,748.0,1,,Spot,2.0,,,Image 1,88.0,,,
P3,Intensity Max,469.0,469.0,469.0,0.0,469.0,469.0,469.0,469.0,1,,Spot,2.0,,,Image 1,89.0,,,
P3,Intensity Max,746.0,746.0,746.0,0.0,746.0,746.0,746.0,746.0,1,,Spot,2.0,,,Image 1,90.0,,,
P3,Intensity Max,553.0,553.0,553.0,0.0,553.0,553.0,553.0,553.0,1,,Spot,2.0,,,Image 1,91.0,,,
P3,Intensity Max,505.0,505.0,505.0,0.0,505.0,505.0,505.0,505.0,1,,Spot,2.0,,,Image 1,92.0,,,
P3,Intensity Max,720.0,720.0,720.0,0.0,720.0,720.0,720.0,720.0,1,,Spot,2.0,,,Image 1,93.0,,,
P3,Intensity Max,695.0,695.0,695.0,0.0,695.0,695.0,695.0,695.0,1,,Spot,2.0,,,Image 1,94.0,,,
P3,Intensity Max,752.0,752.0,752.0,0.0,752.0,752.0,752.0,752.0,1,,Spot,2.0,,,Image 1,95.0,,,
P3,Intensity Max,651.0,651.0,651.0,0.0,651.0,651.0,651.0,651.0,1,,Spot,2.0,,,Image 1,96.0,,,
P3,Intensity Max,875.0,875.0,875.0,0.0,875.0,875.0,875.0,875.0,1,,Spot,2.0,,,Image 1,97.0,,,
P3,Intensity Max,991.0,991.0,991.0,0.0,991.0,991.0,991.0,991.0,1,,Spot,2.0,,,Image 1,98.0,,,
P3,Intensity Max,884.0,884.0,884.0,0.0,884.0,884.0,884.0,884.0,1,,Spot,2.0,,,Image 1,99.0,,,
P3,Intensity Max,902.0,902.0,902.0,0.0,902.0,902.0,902.0,902.0,1,,Spot,2.0,,,Image 1,100.0,,,
P3,Intensity Max,504.0,731.0,617.5,113.5,617.5,560.812,674.312,1235.0,2,,Spot,2.0,,,Image 1,101.0,,,
P3,Intensity Max,515.0,860.0,687.5,172.5,687.5,601.375,773.875,1375.0,2,,Spot,2.0,,,Image 1,102.0,,,
P3,Intensity Max,178.0,538.0,358.0,180.0,358.0,268.125,448.125,716.0,2,,Spot,2.0,,,Image 1,103.0,,,
P3,Intensity Max,1092.0,1092.0,1092.0,0.0,1092.0,1092.0,1092.0,1092.0,1,,Spot,2.0,,,Image 1,104.0,,,
P3,Intensity Max,625.0,625.0,625.0,0.0,625.0,625.0,625.0,625.0,1,,Spot,2.0,,,Image 1,105.0,,,
P3,Intensity Max,945.0,945.0,945.0,0.0,945.0,945.0,945.0,945.0,1,,Spot,2.0,,,Image 1,106.0,,,
P3,Intensity Max,689.0,689.0,689.0,0.0,689.0,689.0,689.0,689.0,1,,Spot,2.0,,,Image 1,107.0,,,
P3,Intensity Max,721.0,777.0,749.0,28.0,749.0,735.016,763.016,1498.0,2,,Spot,2.0,,,Image 1,108.0,,,
P3,Intensity Max,330.0,910.0,620.0,290.0,620.0,475.25,765.25,1240.0,2,,Spot,2.0,,,Image 1,109.0,,,
P3,Intensity Max,309.0,797.0,553.0,244.0,553.0,431.125,675.125,1106.0,2,,Spot,2.0,,,Image 1,110.0,,,
P3,Intensity Max,699.0,699.0,699.0,0.0,699.0,699.0,699.0,699.0,1,,Spot,2.0,,,Image 1,111.0,,,
P3,Intensity Max,298.0,900.0,599.0,301.0,599.0,448.75,749.75,1198.0,2,,Spot,2.0,,,Image 1,112.0,,,
P3,Intensity Max,282.0,670.0,476.0,194.0,476.0,379.125,573.125,952.0,2,,Spot,2.0,,,Image 1,113.0,,,
P3,Intensity Max,261.0,630.0,445.5,184.5,445.5,353.375,537.875,891.0,2,,Spot,2.0,,,Image 1,114.0,,,
P3,Intensity Max,626.0,626.0,626.0,0.0,626.0,626.0,626.0,626.0,1,,Spot,2.0,,,Image 1,115.0,,,
P3,Intensity Max,199.0,702.0,450.5,251.5,450.5,325.0,576.5,901.0,2,,Spot,2.0,,,Image 1,116.0,,,
P3,Intensity Max,677.0,677.0,677.0,0.0,677.0,677.0,677.0,677.0,1,,Spot,2.0,,,Image 1,117.0,,,
P3,Intensity Max,693.0,693.0,693.0,0.0,693.0,693.0,693.0,693.0,1,,Spot,2.0,,,Image 1,118.0,,,
P3,Intensity Max,382.0,684.0,533.0,151.0,533.0,457.625,608.625,1066.0,2,,Spot,2.0,,,Image 1,119.0,,,
P3,Intensity Max,648.0,648.0,648.0,0.0,648.0,648.0,648.0,648.0,1,,Spot,2.0,,,Image 1,120.0,,,
P3,Intensity Max,526.0,622.0,574.0,48.0,574.0,550.031,598.031,1148.0,2,,Spot,2.0,,,Image 1,121.0,,,
P3,Intensity Max,775.0,775.0,775.0,0.0,775.0,775.0,775.0,775.0,1,,Spot,2.0,,,Image 1,122.0,,,
P3,Intensity Max,675.0,675.0,675.0,0.0,675.0,675.0,675.0,675.0,1,,Spot,2.0,,,Image 1,123.0,,,
P3,Intensity Max,752.0,752.0,752.0,0.0,752.0,752.0,752.0,752.0,1,,Spot,2.0,,,Image 1,124.0,,,
P3,Intensity Max,738.0,738.0,738.0,0.0,738.0,738.0,738.0,738.0,1,,Spot,2.0,,,Image 1,125.0,,,
P3,Intensity Max,553.0,553.0,553.0,0.0,553.0,553.0,553.0,553.0,1,,Spot,2.0,,,Image 1,126.0,,,
P3,Intensity Max,649.0,649.0,649.0,0.0,649.0,649.0,649.0,649.0,1,,Spot,2.0,,,Image 1,127.0,,,
P3,Intensity Max,507.0,584.0,545.5,38.5,545.5,526.281,564.781,1091.0,2,,Spot,2.0,,,Image 1,128.0,,,
P3,Intensity Max,715.0,715.0,715.0,0.0,715.0,715.0,715.0,715.0,1,,Spot,2.0,,,Image 1,129.0,,,
P3,Intensity Max,407.0,407.0,407.0,0.0,407.0,407.0,407.0,407.0,1,,Spot,2.0,,,Image 1,130.0,,,
P3,Intensity Max,576.0,779.0,677.5,101.5,677.5,626.812,728.312,1355.0,2,,Spot,2.0,,,Image 1,131.0,,,
P3,Intensity Max,932.0,932.0,932.0,0.0,932.0,932.0,932.0,932.0,1,,Spot,2.0,,,Image 1,132.0,,,
P3,Intensity Max,598.0,604.0,601.0,3.0,601.0,599.502,602.502,1202.0,2,,Spot,2.0,,,Image 1,133.0,,,
P3,Intensity Max,458.0,624.0,541.0,83.0,541.0,499.562,582.562,1082.0,2,,Spot,2.0,,,Image 1,134.0,,,
P3,Intensity Max,508.0,582.0,545.0,37.0,545.0,526.531,563.531,1090.0,2,,Spot,2.0,,,Image 1,135.0,,,
P3,Intensity Max,391.0,585.0,488.0,97.0,488.0,439.562,536.562,976.0,2,,Spot,2.0,,,Image 1,136.0,,,
P3,Intensity Max,518.0,651.0,584.5,66.5,584.5,551.312,617.812,1169.0,2,,Spot,2.0,,,Image 1,137.0,,,
P3,Intensity Max,475.0,475.0,475.0,0.0,475.0,475.0,475.0,475.0,1,,Spot,2.0,,,Image 1,138.0,,,
P3,Intensity Max,432.0,718.0,575.0,143.0,575.0,503.625,646.625,1150.0,2,,Spot,2.0,,,Image 1,139.0,,,
P3,Intensity Max,483.0,532.0,507.5,24.5,507.5,495.266,519.766,1015.0,2,,Spot,2.0,,,Image 1,140.0,,,
P3,Intensity Max,438.0,684.0,561.0,123.0,561.0,499.562,622.562,1122.0,2,,Spot,2.0,,,Image 1,141.0,,,
P3,Intensity Max,686.0,686.0,686.0,0.0,686.0,686.0,686.0,686.0,1,,Spot,2.0,,,Image 1,142.0,,,
P3,Intensity Max,452.0,524.0,488.0,36.0,488.0,470.031,506.031,976.0,2,,Spot,2.0,,,Image 1,143.0,,,
P3,Intensity Max,405.0,613.0,509.0,104.0,509.0,457.062,561.062,1018.0,2,,Spot,2.0,,,Image 1,144.0,,,
P3,Intensity Max,625.0,625.0,625.0,0.0,625.0,625.0,625.0,625.0,1,,Spot,2.0,,,Image 1,145.0,,,
P3,Intensity Max,489.0,707.0,598.0,109.0,598.0,543.562,652.562,1196.0,2,,Spot,2.0,,,Image 1,146.0,,,
P3,Intensity Max,433.0,633.0,533.0,100.0,533.0,483.062,583.062,1066.0,2,,Spot,2.0,,,Image 1,147.0,,,
P3,Intensity Max,491.0,546.0,518.5,27.5,518.5,504.766,532.266,1037.0,2,,Spot,2.0,,,Image 1,148.0,,,
P3,Intensity Max,655.0,655.0,655.0,0.0,655.0,655.0,655.0,655.0,1,,Spot,2.0,,,Image 1,149.0,,,
P3,Intensity Max,792.0,792.0,792.0,0.0,792.0,792.0,792.0,792.0,1,,Spot,2.0,,,Image 1,150.0,,,
P3,Intensity Max,678.0,678.0,678.0,0.0,678.0,678.0,678.0,678.0,1,,Spot,2.0,,,Image 1,151.0,,,
P3,Intensity Max,596.0,596.0,596.0,0.0,596.0,596.0,596.0,596.0,1,,Spot,2.0,,,Image 1,152.0,,,
P3,Intensity Max,600.0,600.0,600.0,0.0,600.0,600.0,600.0,600.0,1,,Spot,2.0,,,Image 1,153.0,,,
P3,Intensity Max,701.0,701.0,701.0,0.0,701.0,701.0,701.0,701.0,1,,Spot,2.0,,,Image 1,154.0,,,
P3,Intensity Max,728.0,728.0,728.0,0.0,728.0,728.0,728.0,728.0,1,,Spot,2.0,,,Image 1,155.0,,,
P3,Intensity Max,699.0,699.0,699.0,0.0,699.0,699.0,699.0,699.0,1,,Spot,2.0,,,Image 1,156.0,,,
P3,Intensity Max,687.0,687.0,687.0,0.0,687.0,687.0,687.0,687.0,1,,Spot,2.0,,,Image 1,157.0,,,
P3,Intensity Max,350.0,819.0,584.5,234.5,584.5,467.375,701.875,1169.0,2,,Spot,2.0,,,Image 1,158.0,,,
P3,Intensity Max,457.0,623.0,540.0,83.0,540.0,498.562,581.562,1080.0,2,,Spot,2.0,,,Image 1,159.0,,,
P3,Intensity Max,511.0,511.0,511.0,0.0,511.0,511.0,511.0,511.0,1,,Spot,2.0,,,Image 1,160.0,,,
P3,Intensity Max,487.0,567.0,527.0,40.0,527.0,507.031,547.031,1054.0,2,,Spot,2.0,,,Image 1,161.0,,,
P3,Intensity Max,421.0,473.0,447.0,26.0,447.0,434.016,460.016,894.0,2,,Spot,2.0,,,Image 1,162.0,,,
P3,Intensity Max,461.0,629.0,545.0,84.0,545.0,503.062,587.062,1090.0,2,,Spot,2.0,,,Image 1,163.0,,,
P3,Intensity Max,747.0,747.0,747.0,0.0,747.0,747.0,747.0,747.0,1,,Spot,2.0,,,Image 1,164.0,,,
P3,Intensity Max,426.0,599.0,512.5,86.5,512.5,469.312,555.812,1025.0,2,,Spot,2.0,,,Image 1,165.0,,,
P3,Intensity Max,552.0,552.0,552.0,0.0,552.0,552.0,552.0,552.0,1,,Spot,2.0,,,Image 1,166.0,,,
P3,Intensity Max,494.0,494.0,494.0,0.0,494.0,494.0,494.0,494.0,1,,Spot,2.0,,,Image 1,167.0,,,
P3,Intensity Max,643.0,643.0,643.0,0.0,643.0,643.0,643.0,643.0,1,,Spot,2.0,,,Image 1,168.0,,,
P3,Intensity Max,523.0,523.0,523.0,0.0,523.0,523.0,523.0,523.0,1,,Spot,2.0,,,Image 1,169.0,,,
P3,Intensity Max,643.0,643.0,643.0,0.0,643.0,643.0,643.0,643.0,1,,Spot,2.0,,,Image 1,170.0,,,
P3,Intensity Max,590.0,590.0,590.0,0.0,590.0,590.0,590.0,590.0,1,,Spot,2.0,,,Image 1,171.0,,,
P3,Intensity Max,608.0,608.0,608.0,0.0,608.0,608.0,608.0,608.0,1,,Spot,2.0,,,Image 1,172.0,,,
P3,Intensity Max,500.0,500.0,500.0,0.0,500.0,500.0,500.0,500.0,1,,Spot,2.0,,,Image 1,173.0,,,
C,Intensity Max,2447.0,2447.0,2447.0,0.0,2447.0,2447.0,2447.0,2447.0,1,,Spot,2.0,,,Image 1,53.0,,,
C,Intensity Max,2065.0,2522.0,2293.5,228.5,2293.5,2179.375,2407.875,4587.0,2,,Spot,2.0,,,Image 1,54.0,,,
C,Intensity Max,1711.0,3040.0,2375.5,664.5,2375.5,2043.75,2708.25,4751.0,2,,Spot,2.0,,,Image 1,55.0,,,
C,Intensity Max,2035.0,2580.0,2307.5,272.5,2307.5,2171.5,2444.0,4615.0,2,,Spot,2.0,,,Image 1,56.0,,,
C,Intensity Max,1576.0,2209.0,1892.5,316.5,1892.5,1734.5,2051.0,3785.0,2,,Spot,2.0,,,Image 1,57.0,,,
C,Intensity Max,1532.0,2502.0,2017.0,485.0,2017.0,1774.75,2259.75,4034.0,2,,Spot,2.0,,,Image 1,58.0,,,
C,Intensity Max,1946.0,2331.0,2138.5,192.5,2138.5,2042.375,2234.875,4277.0,2,,Spot,2.0,,,Image 1,59.0,,,
C,Intensity Max,1528.0,2589.0,2058.5,530.5,2058.5,1793.75,2324.25,4117.0,2,,Spot,2.0,,,Image 1,60.0,,,
C,Intensity Max,1577.0,3188.0,2382.5,805.5,2382.5,1980.25,2785.75,4765.0,2,,Spot,2.0,,,Image 1,61.0,,,
C,Intensity Max,1966.0,2144.0,2055.0,89.0,2055.0,2010.562,2099.562,4110.0,2,,Spot,2.0,,,Image 1,62.0,,,
C,Intensity Max,2415.0,2473.0,2444.0,29.0,2444.0,2429.516,2458.516,4888.0,2,,Spot,2.0,,,Image 1,63.0,,,
C,Intensity Max,2247.0,2275.0,2261.0,14.0,2261.0,2254.008,2268.008,4522.0,2,,Spot,2.0,,,Image 1,64.0,,,
C,Intensity Max,1751.0,2796.0,2273.5,522.5,2273.5,2012.75,2535.25,4547.0,2,,Spot,2.0,,,Image 1,65.0,,,
C,Intensity Max,2245.0,2985.0,2615.0,370.0,2615.0,2430.25,2800.25,5230.0,2,,Spot,2.0,,,Image 1,66.0,,,
C,Intensity Max,2356.0,2450.0,2403.0,47.0,2403.0,2379.531,2426.531,4806.0,2,,Spot,2.0,,,Image 1,67.0,,,
C,Intensity Max,2073.0,2785.0,2429.0,356.0,2429.0,2251.25,2607.25,4858.0,2,,Spot,2.0,,,Image 1,68.0,,,
C,Intensity Max,1652.0,2241.0,1946.5,294.5,1946.5,1799.5,2094.0,3893.0,2,,Spot,2.0,,,Image 1,69.0,,,
C,Intensity Max,1505.0,2089.0,1797.0,292.0,1797.0,1651.25,1943.25,3594.0,2,,Spot,2.0,,,Image 1,70.0,,,
C,Intensity Max,2318.0,2825.0,2571.5,253.5,2571.5,2445.0,2698.5,5143.0,2,,Spot,2.0,,,Image 1,71.0,,,
C,Intensity Max,2420.0,2723.0,2571.5,151.5,2571.5,2495.875,2647.375,5143.0,2,,Spot,2.0,,,Image 1,72.0,,,
C,Intensity Max,2253.0,2724.0,2488.5,235.5,2488.5,2370.875,2606.375,4977.0,2,,Spot,2.0,,,Image 1,73.0,,,
C,Intensity Max,2122.0,2139.0,2130.5,8.5,2130.5,2126.258,2134.758,4261.0,2,,Spot,2.0,,,Image 1,74.0,,,
C,Intensity Max,2054.0,2309.0,2181.5,127.5,2181.5,2117.875,2245.375,4363.0,2,,Spot,2.0,,,Image 1,75.0,,,
C,Intensity Max,1316.0,2316.0,1816.0,500.0,1816.0,1566.5,2066.5,3632.0,2,,Spot,2.0,,,Image 1,76.0,,,
C,Intensity Max,1927.0,2526.0,2226.5,299.5,2226.5,2077.0,2376.5,4453.0,2,,Spot,2.0,,,Image 1,77.0,,,
C,Intensity Max,1381.0,2012.0,1696.5,315.5,1696.5,1539.0,1854.5,3393.0,2,,Spot,2.0,,,Image 1,78.0,,,
C,Intensity Max,1684.0,1684.0,1684.0,0.0,1684.0,1684.0,1684.0,1684.0,1,,Spot,2.0,,,Image 1,80.0,,,
C,Intensity Max,1809.0,1809.0,1809.0,0.0,1809.0,1809.0,1809.0,1809.0,1,,Spot,2.0,,,Image 1,81.0,,,
