nucleus,Variable,Min,Max,Mean,StdDev,Median,Percentile 25%,Percentile 75%,Sum,Count,Unit,Category,Channel,Class,Collection,Image,Surfaces,Time,Unnamed: 18,Unnamed: 17
AB,Intensity Max,233.0,233.0,233.0,0.0,233.0,233.0,233.0,233.0,1,,Surface,1.0,,,Image 1,,7.0,,
AB,Intensity Max,298.0,298.0,298.0,0.0,298.0,298.0,298.0,298.0,1,,Surface,1.0,,,Image 1,,8.0,,
AB,Intensity Max,334.0,334.0,334.0,0.0,334.0,334.0,334.0,334.0,1,,Surface,1.0,,,Image 1,,9.0,,
AB,Intensity Max,356.0,356.0,356.0,0.0,356.0,356.0,356.0,356.0,1,,Surface,1.0,,,Image 1,,10.0,,
AB,Intensity Max,347.0,347.0,347.0,0.0,347.0,347.0,347.0,347.0,1,,Surface,1.0,,,Image 1,,11.0,,
AB,Intensity Max,428.0,428.0,428.0,0.0,428.0,428.0,428.0,428.0,1,,Surface,1.0,,,Image 1,,12.0,,
AB,Intensity Max,385.0,385.0,385.0,0.0,385.0,385.0,385.0,385.0,1,,Surface,1.0,,,Image 1,,13.0,,
AB,Intensity Max,335.0,335.0,335.0,0.0,335.0,335.0,335.0,335.0,1,,Surface,1.0,,,Image 1,,14.0,,
AB,Intensity Max,288.0,288.0,288.0,0.0,288.0,288.0,288.0,288.0,1,,Surface,1.0,,,Image 1,,15.0,,
AB,Intensity Max,290.0,290.0,290.0,0.0,290.0,290.0,290.0,290.0,1,,Surface,1.0,,,Image 1,,16.0,,
AB,Intensity Max,219.0,219.0,219.0,0.0,219.0,219.0,219.0,219.0,1,,Surface,1.0,,,Image 1,,17.0,,
P1,Intensity Max,236.0,236.0,236.0,0.0,236.0,236.0,236.0,236.0,1,,Surface,1.0,,,Image 1,,7.0,,
P1,Intensity Max,261.0,261.0,261.0,0.0,261.0,261.0,261.0,261.0,1,,Surface,1.0,,,Image 1,,8.0,,
P1,Intensity Max,315.0,315.0,315.0,0.0,315.0,315.0,315.0,315.0,1,,Surface,1.0,,,Image 1,,9.0,,
P1,Intensity Max,288.0,288.0,288.0,0.0,288.0,288.0,288.0,288.0,1,,Surface,1.0,,,Image 1,,10.0,,
P1,Intensity Max,292.0,292.0,292.0,0.0,292.0,292.0,292.0,292.0,1,,Surface,1.0,,,Image 1,,11.0,,
P1,Intensity Max,290.0,290.0,290.0,0.0,290.0,290.0,290.0,290.0,1,,Surface,1.0,,,Image 1,,12.0,,
P1,Intensity Max,274.0,274.0,274.0,0.0,274.0,274.0,274.0,274.0,1,,Surface,1.0,,,Image 1,,13.0,,
P1,Intensity Max,270.0,270.0,270.0,0.0,270.0,270.0,270.0,270.0,1,,Surface,1.0,,,Image 1,,14.0,,
P1,Intensity Max,323.0,323.0,323.0,0.0,323.0,323.0,323.0,323.0,1,,Surface,1.0,,,Image 1,,15.0,,
P1,Intensity Max,297.0,297.0,297.0,0.0,297.0,297.0,297.0,297.0,1,,Surface,1.0,,,Image 1,,16.0,,
P1,Intensity Max,330.0,330.0,330.0,0.0,330.0,330.0,330.0,330.0,1,,Surface,1.0,,,Image 1,,17.0,,
P1,Intensity Max,259.0,259.0,259.0,0.0,259.0,259.0,259.0,259.0,1,,Surface,1.0,,,Image 1,,18.0,,
P1,Intensity Max,280.0,280.0,280.0,0.0,280.0,280.0,280.0,280.0,1,,Surface,1.0,,,Image 1,,19.0,,
ABa,Intensity Max,254.0,254.0,254.0,0.0,254.0,254.0,254.0,254.0,1,,Surface,1.0,,,Image 1,,21.0,,
ABa,Intensity Max,269.0,269.0,269.0,0.0,269.0,269.0,269.0,269.0,1,,Surface,1.0,,,Image 1,,22.0,,
ABa,Intensity Max,265.0,265.0,265.0,0.0,265.0,265.0,265.0,265.0,1,,Surface,1.0,,,Image 1,,23.0,,
ABa,Intensity Max,272.0,272.0,272.0,0.0,272.0,272.0,272.0,272.0,1,,Surface,1.0,,,Image 1,,24.0,,
ABa,Intensity Max,314.0,314.0,314.0,0.0,314.0,314.0,314.0,314.0,1,,Surface,1.0,,,Image 1,,25.0,,
ABa,Intensity Max,251.0,251.0,251.0,0.0,251.0,251.0,251.0,251.0,1,,Surface,1.0,,,Image 1,,26.0,,
ABa,Intensity Max,290.0,290.0,290.0,0.0,290.0,290.0,290.0,290.0,1,,Surface,1.0,,,Image 1,,27.0,,
ABa,Intensity Max,259.0,259.0,259.0,0.0,259.0,259.0,259.0,259.0,1,,Surface,1.0,,,Image 1,,28.0,,
ABa,Intensity Max,278.0,278.0,278.0,0.0,278.0,278.0,278.0,278.0,1,,Surface,1.0,,,Image 1,,29.0,,
ABa,Intensity Max,260.0,260.0,260.0,0.0,260.0,260.0,260.0,260.0,1,,Surface,1.0,,,Image 1,,30.0,,
ABa,Intensity Max,337.0,337.0,337.0,0.0,337.0,337.0,337.0,337.0,1,,Surface,1.0,,,Image 1,,31.0,,
ABa,Intensity Max,239.0,239.0,239.0,0.0,239.0,239.0,239.0,239.0,1,,Surface,1.0,,,Image 1,,32.0,,
ABp,Intensity Max,213.0,213.0,213.0,0.0,213.0,213.0,213.0,213.0,1,,Surface,1.0,,,Image 1,,21.0,,
ABp,Intensity Max,344.0,344.0,344.0,0.0,344.0,344.0,344.0,344.0,1,,Surface,1.0,,,Image 1,,22.0,,
ABp,Intensity Max,400.0,400.0,400.0,0.0,400.0,400.0,400.0,400.0,1,,Surface,1.0,,,Image 1,,23.0,,
ABp,Intensity Max,291.0,291.0,291.0,0.0,291.0,291.0,291.0,291.0,1,,Surface,1.0,,,Image 1,,24.0,,
ABp,Intensity Max,312.0,312.0,312.0,0.0,312.0,312.0,312.0,312.0,1,,Surface,1.0,,,Image 1,,25.0,,
ABp,Intensity Max,340.0,340.0,340.0,0.0,340.0,340.0,340.0,340.0,1,,Surface,1.0,,,Image 1,,26.0,,
ABp,Intensity Max,329.0,329.0,329.0,0.0,329.0,329.0,329.0,329.0,1,,Surface,1.0,,,Image 1,,27.0,,
ABp,Intensity Max,267.0,267.0,267.0,0.0,267.0,267.0,267.0,267.0,1,,Surface,1.0,,,Image 1,,28.0,,
ABp,Intensity Max,299.0,299.0,299.0,0.0,299.0,299.0,299.0,299.0,1,,Surface,1.0,,,Image 1,,29.0,,
ABp,Intensity Max,277.0,277.0,277.0,0.0,277.0,277.0,277.0,277.0,1,,Surface,1.0,,,Image 1,,30.0,,
ABp,Intensity Max,346.0,346.0,346.0,0.0,346.0,346.0,346.0,346.0,1,,Surface,1.0,,,Image 1,,31.0,,
ABp,Intensity Max,209.0,209.0,209.0,0.0,209.0,209.0,209.0,209.0,1,,Surface,1.0,,,Image 1,,32.0,,
EMS,Intensity Max,197.0,197.0,197.0,0.0,197.0,197.0,197.0,197.0,1,,Surface,1.0,,,Image 1,,23.0,,
EMS,Intensity Max,232.0,232.0,232.0,0.0,232.0,232.0,232.0,232.0,1,,Surface,1.0,,,Image 1,,24.0,,
EMS,Intensity Max,238.0,238.0,238.0,0.0,238.0,238.0,238.0,238.0,1,,Surface,1.0,,,Image 1,,25.0,,
EMS,Intensity Max,270.0,270.0,270.0,0.0,270.0,270.0,270.0,270.0,1,,Surface,1.0,,,Image 1,,26.0,,
EMS,Intensity Max,272.0,272.0,272.0,0.0,272.0,272.0,272.0,272.0,1,,Surface,1.0,,,Image 1,,27.0,,
EMS,Intensity Max,512.0,512.0,512.0,0.0,512.0,512.0,512.0,512.0,1,,Surface,1.0,,,Image 1,,28.0,,
EMS,Intensity Max,773.0,773.0,773.0,0.0,773.0,773.0,773.0,773.0,1,,Surface,1.0,,,Image 1,,29.0,,
EMS,Intensity Max,1017.0,1017.0,1017.0,0.0,1017.0,1017.0,1017.0,1017.0,1,,Surface,1.0,,,Image 1,,30.0,,
EMS,Intensity Max,1304.0,1304.0,1304.0,0.0,1304.0,1304.0,1304.0,1304.0,1,,Surface,1.0,,,Image 1,,31.0,,
EMS,Intensity Max,1132.0,1132.0,1132.0,0.0,1132.0,1132.0,1132.0,1132.0,1,,Surface,1.0,,,Image 1,,32.0,,
EMS,Intensity Max,596.0,596.0,596.0,0.0,596.0,596.0,596.0,596.0,1,,Surface,1.0,,,Image 1,,33.0,,
EMS,Intensity Max,303.0,303.0,303.0,0.0,303.0,303.0,303.0,303.0,1,,Surface,1.0,,,Image 1,,34.0,,
EMS,Intensity Max,270.0,270.0,270.0,0.0,270.0,270.0,270.0,270.0,1,,Surface,1.0,,,Image 1,,35.0,,
P2,Intensity Max,229.0,229.0,229.0,0.0,229.0,229.0,229.0,229.0,1,,Surface,1.0,,,Image 1,,25.0,,
P2,Intensity Max,278.0,278.0,278.0,0.0,278.0,278.0,278.0,278.0,1,,Surface,1.0,,,Image 1,,26.0,,
P2,Intensity Max,269.0,269.0,269.0,0.0,269.0,269.0,269.0,269.0,1,,Surface,1.0,,,Image 1,,27.0,,
P2,Intensity Max,304.0,304.0,304.0,0.0,304.0,304.0,304.0,304.0,1,,Surface,1.0,,,Image 1,,28.0,,
P2,Intensity Max,464.0,464.0,464.0,0.0,464.0,464.0,464.0,464.0,1,,Surface,1.0,,,Image 1,,29.0,,
P2,Intensity Max,654.0,654.0,654.0,0.0,654.0,654.0,654.0,654.0,1,,Surface,1.0,,,Image 1,,30.0,,
P2,Intensity Max,464.0,464.0,464.0,0.0,464.0,464.0,464.0,464.0,1,,Surface,1.0,,,Image 1,,31.0,,
P2,Intensity Max,254.0,254.0,254.0,0.0,254.0,254.0,254.0,254.0,1,,Surface,1.0,,,Image 1,,32.0,,
P2,Intensity Max,278.0,278.0,278.0,0.0,278.0,278.0,278.0,278.0,1,,Surface,1.0,,,Image 1,,33.0,,
P2,Intensity Max,246.0,246.0,246.0,0.0,246.0,246.0,246.0,246.0,1,,Surface,1.0,,,Image 1,,34.0,,
P2,Intensity Max,264.0,264.0,264.0,0.0,264.0,264.0,264.0,264.0,1,,Surface,1.0,,,Image 1,,35.0,,
P2,Intensity Max,247.0,247.0,247.0,0.0,247.0,247.0,247.0,247.0,1,,Surface,1.0,,,Image 1,,36.0,,
P2,Intensity Max,250.0,250.0,250.0,0.0,250.0,250.0,250.0,250.0,1,,Surface,1.0,,,Image 1,,37.0,,
P2,Intensity Max,246.0,246.0,246.0,0.0,246.0,246.0,246.0,246.0,1,,Surface,1.0,,,Image 1,,38.0,,
P2,Intensity Max,253.0,253.0,253.0,0.0,253.0,253.0,253.0,253.0,1,,Surface,1.0,,,Image 1,,39.0,,
P2,Intensity Max,251.0,251.0,251.0,0.0,251.0,251.0,251.0,251.0,1,,Surface,1.0,,,Image 1,,40.0,,
P2,Intensity Max,228.0,228.0,228.0,0.0,228.0,228.0,228.0,228.0,1,,Surface,1.0,,,Image 1,,41.0,,
P2,Intensity Max,241.0,241.0,241.0,0.0,241.0,241.0,241.0,241.0,1,,Surface,1.0,,,Image 1,,42.0,,
ABal,Intensity Max,237.0,237.0,237.0,0.0,237.0,237.0,237.0,237.0,1,,Surface,1.0,,,Image 1,,37.0,,
ABal,Intensity Max,334.0,334.0,334.0,0.0,334.0,334.0,334.0,334.0,1,,Surface,1.0,,,Image 1,,38.0,,
ABal,Intensity Max,390.0,390.0,390.0,0.0,390.0,390.0,390.0,390.0,1,,Surface,1.0,,,Image 1,,39.0,,
ABal,Intensity Max,444.0,444.0,444.0,0.0,444.0,444.0,444.0,444.0,1,,Surface,1.0,,,Image 1,,40.0,,
ABal,Intensity Max,396.0,396.0,396.0,0.0,396.0,396.0,396.0,396.0,1,,Surface,1.0,,,Image 1,,41.0,,
ABal,Intensity Max,591.0,591.0,591.0,0.0,591.0,591.0,591.0,591.0,1,,Surface,1.0,,,Image 1,,42.0,,
ABal,Intensity Max,507.0,507.0,507.0,0.0,507.0,507.0,507.0,507.0,1,,Surface,1.0,,,Image 1,,43.0,,
ABal,Intensity Max,1409.0,1409.0,1409.0,0.0,1409.0,1409.0,1409.0,1409.0,1,,Surface,1.0,,,Image 1,,44.0,,
ABal,Intensity Max,1268.0,1268.0,1268.0,0.0,1268.0,1268.0,1268.0,1268.0,1,,Surface,1.0,,,Image 1,,45.0,,
ABal,Intensity Max,914.0,914.0,914.0,0.0,914.0,914.0,914.0,914.0,1,,Surface,1.0,,,Image 1,,46.0,,
ABal,Intensity Max,2266.0,2266.0,2266.0,0.0,2266.0,2266.0,2266.0,2266.0,1,,Surface,1.0,,,Image 1,,47.0,,
ABal,Intensity Max,1908.0,1908.0,1908.0,0.0,1908.0,1908.0,1908.0,1908.0,1,,Surface,1.0,,,Image 1,,48.0,,
ABal,Intensity Max,449.0,449.0,449.0,0.0,449.0,449.0,449.0,449.0,1,,Surface,1.0,,,Image 1,,49.0,,
ABal,Intensity Max,1023.0,1023.0,1023.0,0.0,1023.0,1023.0,1023.0,1023.0,1,,Surface,1.0,,,Image 1,,50.0,,
ABal,Intensity Max,1610.0,1610.0,1610.0,0.0,1610.0,1610.0,1610.0,1610.0,1,,Surface,1.0,,,Image 1,,51.0,,
ABal,Intensity Max,1592.0,1592.0,1592.0,0.0,1592.0,1592.0,1592.0,1592.0,1,,Surface,1.0,,,Image 1,,52.0,,
ABal,Intensity Max,1354.0,1354.0,1354.0,0.0,1354.0,1354.0,1354.0,1354.0,1,,Surface,1.0,,,Image 1,,53.0,,
ABal,Intensity Max,1364.0,1364.0,1364.0,0.0,1364.0,1364.0,1364.0,1364.0,1,,Surface,1.0,,,Image 1,,54.0,,
ABal,Intensity Max,704.0,704.0,704.0,0.0,704.0,704.0,704.0,704.0,1,,Surface,1.0,,,Image 1,,55.0,,
ABal,Intensity Max,561.0,561.0,561.0,0.0,561.0,561.0,561.0,561.0,1,,Surface,1.0,,,Image 1,,56.0,,
ABal,Intensity Max,343.0,343.0,343.0,0.0,343.0,343.0,343.0,343.0,1,,Surface,1.0,,,Image 1,,57.0,,
ABal,Intensity Max,340.0,340.0,340.0,0.0,340.0,340.0,340.0,340.0,1,,Surface,1.0,,,Image 1,,58.0,,
ABal,Intensity Max,263.0,263.0,263.0,0.0,263.0,263.0,263.0,263.0,1,,Surface,1.0,,,Image 1,,59.0,,
ABal,Intensity Max,364.0,364.0,364.0,0.0,364.0,364.0,364.0,364.0,1,,Surface,1.0,,,Image 1,,60.0,,
ABal,Intensity Max,318.0,318.0,318.0,0.0,318.0,318.0,318.0,318.0,1,,Surface,1.0,,,Image 1,,61.0,,
ABal,Intensity Max,293.0,293.0,293.0,0.0,293.0,293.0,293.0,293.0,1,,Surface,1.0,,,Image 1,,62.0,,
ABal,Intensity Max,244.0,244.0,244.0,0.0,244.0,244.0,244.0,244.0,1,,Surface,1.0,,,Image 1,,63.0,,
ABal,Intensity Max,189.0,189.0,189.0,0.0,189.0,189.0,189.0,189.0,1,,Surface,1.0,,,Image 1,,64.0,,
ABar,Intensity Max,369.0,369.0,369.0,0.0,369.0,369.0,369.0,369.0,1,,Surface,1.0,,,Image 1,,37.0,,
ABar,Intensity Max,593.0,593.0,593.0,0.0,593.0,593.0,593.0,593.0,1,,Surface,1.0,,,Image 1,,38.0,,
ABar,Intensity Max,801.0,801.0,801.0,0.0,801.0,801.0,801.0,801.0,1,,Surface,1.0,,,Image 1,,39.0,,
ABar,Intensity Max,1137.0,1137.0,1137.0,0.0,1137.0,1137.0,1137.0,1137.0,1,,Surface,1.0,,,Image 1,,40.0,,
ABar,Intensity Max,1824.0,1824.0,1824.0,0.0,1824.0,1824.0,1824.0,1824.0,1,,Surface,1.0,,,Image 1,,41.0,,
ABar,Intensity Max,1404.0,1404.0,1404.0,0.0,1404.0,1404.0,1404.0,1404.0,1,,Surface,1.0,,,Image 1,,42.0,,
ABar,Intensity Max,1150.0,1150.0,1150.0,0.0,1150.0,1150.0,1150.0,1150.0,1,,Surface,1.0,,,Image 1,,43.0,,
ABar,Intensity Max,2099.0,2099.0,2099.0,0.0,2099.0,2099.0,2099.0,2099.0,1,,Surface,1.0,,,Image 1,,44.0,,
ABar,Intensity Max,2899.0,2899.0,2899.0,0.0,2899.0,2899.0,2899.0,2899.0,1,,Surface,1.0,,,Image 1,,45.0,,
ABar,Intensity Max,2897.0,2897.0,2897.0,0.0,2897.0,2897.0,2897.0,2897.0,1,,Surface,1.0,,,Image 1,,46.0,,
ABar,Intensity Max,2782.0,2782.0,2782.0,0.0,2782.0,2782.0,2782.0,2782.0,1,,Surface,1.0,,,Image 1,,47.0,,
ABar,Intensity Max,3476.0,3476.0,3476.0,0.0,3476.0,3476.0,3476.0,3476.0,1,,Surface,1.0,,,Image 1,,48.0,,
ABar,Intensity Max,3757.0,3757.0,3757.0,0.0,3757.0,3757.0,3757.0,3757.0,1,,Surface,1.0,,,Image 1,,49.0,,
ABar,Intensity Max,3105.0,3105.0,3105.0,0.0,3105.0,3105.0,3105.0,3105.0,1,,Surface,1.0,,,Image 1,,50.0,,
ABar,Intensity Max,2654.0,2654.0,2654.0,0.0,2654.0,2654.0,2654.0,2654.0,1,,Surface,1.0,,,Image 1,,51.0,,
ABar,Intensity Max,2653.0,2653.0,2653.0,0.0,2653.0,2653.0,2653.0,2653.0,1,,Surface,1.0,,,Image 1,,52.0,,
ABar,Intensity Max,2218.0,2218.0,2218.0,0.0,2218.0,2218.0,2218.0,2218.0,1,,Surface,1.0,,,Image 1,,53.0,,
ABar,Intensity Max,1832.0,1832.0,1832.0,0.0,1832.0,1832.0,1832.0,1832.0,1,,Surface,1.0,,,Image 1,,54.0,,
ABar,Intensity Max,744.0,744.0,744.0,0.0,744.0,744.0,744.0,744.0,1,,Surface,1.0,,,Image 1,,55.0,,
ABar,Intensity Max,584.0,584.0,584.0,0.0,584.0,584.0,584.0,584.0,1,,Surface,1.0,,,Image 1,,56.0,,
ABar,Intensity Max,378.0,378.0,378.0,0.0,378.0,378.0,378.0,378.0,1,,Surface,1.0,,,Image 1,,57.0,,
ABar,Intensity Max,363.0,363.0,363.0,0.0,363.0,363.0,363.0,363.0,1,,Surface,1.0,,,Image 1,,58.0,,
ABar,Intensity Max,308.0,308.0,308.0,0.0,308.0,308.0,308.0,308.0,1,,Surface,1.0,,,Image 1,,59.0,,
ABar,Intensity Max,315.0,315.0,315.0,0.0,315.0,315.0,315.0,315.0,1,,Surface,1.0,,,Image 1,,60.0,,
ABar,Intensity Max,302.0,302.0,302.0,0.0,302.0,302.0,302.0,302.0,1,,Surface,1.0,,,Image 1,,61.0,,
ABar,Intensity Max,307.0,307.0,307.0,0.0,307.0,307.0,307.0,307.0,1,,Surface,1.0,,,Image 1,,62.0,,
ABar,Intensity Max,267.0,267.0,267.0,0.0,267.0,267.0,267.0,267.0,1,,Surface,1.0,,,Image 1,,63.0,,
ABpr,Intensity Max,245.0,245.0,245.0,0.0,245.0,245.0,245.0,245.0,1,,Surface,1.0,,,Image 1,,37.0,,
ABpr,Intensity Max,379.0,379.0,379.0,0.0,379.0,379.0,379.0,379.0,1,,Surface,1.0,,,Image 1,,38.0,,
ABpr,Intensity Max,653.0,653.0,653.0,0.0,653.0,653.0,653.0,653.0,1,,Surface,1.0,,,Image 1,,39.0,,
ABpr,Intensity Max,330.0,330.0,330.0,0.0,330.0,330.0,330.0,330.0,1,,Surface,1.0,,,Image 1,,40.0,,
ABpr,Intensity Max,601.0,601.0,601.0,0.0,601.0,601.0,601.0,601.0,1,,Surface,1.0,,,Image 1,,41.0,,
ABpr,Intensity Max,1424.0,1424.0,1424.0,0.0,1424.0,1424.0,1424.0,1424.0,1,,Surface,1.0,,,Image 1,,42.0,,
ABpr,Intensity Max,1921.0,1921.0,1921.0,0.0,1921.0,1921.0,1921.0,1921.0,1,,Surface,1.0,,,Image 1,,43.0,,
ABpr,Intensity Max,2633.0,2633.0,2633.0,0.0,2633.0,2633.0,2633.0,2633.0,1,,Surface,1.0,,,Image 1,,44.0,,
ABpr,Intensity Max,2884.0,2884.0,2884.0,0.0,2884.0,2884.0,2884.0,2884.0,1,,Surface,1.0,,,Image 1,,45.0,,
ABpr,Intensity Max,3740.0,3740.0,3740.0,0.0,3740.0,3740.0,3740.0,3740.0,1,,Surface,1.0,,,Image 1,,46.0,,
ABpr,Intensity Max,3171.0,3171.0,3171.0,0.0,3171.0,3171.0,3171.0,3171.0,1,,Surface,1.0,,,Image 1,,47.0,,
ABpr,Intensity Max,3454.0,3454.0,3454.0,0.0,3454.0,3454.0,3454.0,3454.0,1,,Surface,1.0,,,Image 1,,48.0,,
ABpr,Intensity Max,3645.0,3645.0,3645.0,0.0,3645.0,3645.0,3645.0,3645.0,1,,Surface,1.0,,,Image 1,,49.0,,
ABpr,Intensity Max,3078.0,3078.0,3078.0,0.0,3078.0,3078.0,3078.0,3078.0,1,,Surface,1.0,,,Image 1,,50.0,,
ABpr,Intensity Max,2892.0,2892.0,2892.0,0.0,2892.0,2892.0,2892.0,2892.0,1,,Surface,1.0,,,Image 1,,51.0,,
ABpr,Intensity Max,2843.0,2843.0,2843.0,0.0,2843.0,2843.0,2843.0,2843.0,1,,Surface,1.0,,,Image 1,,52.0,,
ABpr,Intensity Max,2396.0,2396.0,2396.0,0.0,2396.0,2396.0,2396.0,2396.0,1,,Surface,1.0,,,Image 1,,53.0,,
ABpr,Intensity Max,2328.0,2328.0,2328.0,0.0,2328.0,2328.0,2328.0,2328.0,1,,Surface,1.0,,,Image 1,,54.0,,
ABpr,Intensity Max,1132.0,1132.0,1132.0,0.0,1132.0,1132.0,1132.0,1132.0,1,,Surface,1.0,,,Image 1,,55.0,,
ABpr,Intensity Max,415.0,415.0,415.0,0.0,415.0,415.0,415.0,415.0,1,,Surface,1.0,,,Image 1,,56.0,,
ABpr,Intensity Max,340.0,340.0,340.0,0.0,340.0,340.0,340.0,340.0,1,,Surface,1.0,,,Image 1,,57.0,,
ABpr,Intensity Max,331.0,331.0,331.0,0.0,331.0,331.0,331.0,331.0,1,,Surface,1.0,,,Image 1,,58.0,,
ABpr,Intensity Max,341.0,341.0,341.0,0.0,341.0,341.0,341.0,341.0,1,,Surface,1.0,,,Image 1,,59.0,,
ABpr,Intensity Max,324.0,324.0,324.0,0.0,324.0,324.0,324.0,324.0,1,,Surface,1.0,,,Image 1,,60.0,,
ABpr,Intensity Max,322.0,322.0,322.0,0.0,322.0,322.0,322.0,322.0,1,,Surface,1.0,,,Image 1,,61.0,,
ABpr,Intensity Max,324.0,324.0,324.0,0.0,324.0,324.0,324.0,324.0,1,,Surface,1.0,,,Image 1,,62.0,,
ABpr,Intensity Max,310.0,310.0,310.0,0.0,310.0,310.0,310.0,310.0,1,,Surface,1.0,,,Image 1,,63.0,,
ABpr,Intensity Max,191.0,191.0,191.0,0.0,191.0,191.0,191.0,191.0,1,,Surface,1.0,,,Image 1,,64.0,,
MS,Intensity Max,230.0,230.0,230.0,0.0,230.0,230.0,230.0,230.0,1,,Surface,1.0,,,Image 1,,41.0,,
MS,Intensity Max,440.0,440.0,440.0,0.0,440.0,440.0,440.0,440.0,1,,Surface,1.0,,,Image 1,,42.0,,
MS,Intensity Max,1221.0,1221.0,1221.0,0.0,1221.0,1221.0,1221.0,1221.0,1,,Surface,1.0,,,Image 1,,43.0,,
MS,Intensity Max,2258.0,2258.0,2258.0,0.0,2258.0,2258.0,2258.0,2258.0,1,,Surface,1.0,,,Image 1,,44.0,,
MS,Intensity Max,3831.0,3831.0,3831.0,0.0,3831.0,3831.0,3831.0,3831.0,1,,Surface,1.0,,,Image 1,,45.0,,
MS,Intensity Max,2988.0,2988.0,2988.0,0.0,2988.0,2988.0,2988.0,2988.0,1,,Surface,1.0,,,Image 1,,46.0,,
MS,Intensity Max,2977.0,2977.0,2977.0,0.0,2977.0,2977.0,2977.0,2977.0,1,,Surface,1.0,,,Image 1,,47.0,,
MS,Intensity Max,3498.0,3498.0,3498.0,0.0,3498.0,3498.0,3498.0,3498.0,1,,Surface,1.0,,,Image 1,,48.0,,
MS,Intensity Max,3660.0,3660.0,3660.0,0.0,3660.0,3660.0,3660.0,3660.0,1,,Surface,1.0,,,Image 1,,49.0,,
MS,Intensity Max,3914.0,3914.0,3914.0,0.0,3914.0,3914.0,3914.0,3914.0,1,,Surface,1.0,,,Image 1,,50.0,,
MS,Intensity Max,3920.0,3920.0,3920.0,0.0,3920.0,3920.0,3920.0,3920.0,1,,Surface,1.0,,,Image 1,,51.0,,
MS,Intensity Max,3949.0,3949.0,3949.0,0.0,3949.0,3949.0,3949.0,3949.0,1,,Surface,1.0,,,Image 1,,52.0,,
MS,Intensity Max,4053.0,4053.0,4053.0,0.0,4053.0,4053.0,4053.0,4053.0,1,,Surface,1.0,,,Image 1,,53.0,,
MS,Intensity Max,5951.0,5951.0,5951.0,0.0,5951.0,5951.0,5951.0,5951.0,1,,Surface,1.0,,,Image 1,,54.0,,
MS,Intensity Max,4855.0,4855.0,4855.0,0.0,4855.0,4855.0,4855.0,4855.0,1,,Surface,1.0,,,Image 1,,55.0,,
MS,Intensity Max,4569.0,4569.0,4569.0,0.0,4569.0,4569.0,4569.0,4569.0,1,,Surface,1.0,,,Image 1,,56.0,,
MS,Intensity Max,4229.0,4229.0,4229.0,0.0,4229.0,4229.0,4229.0,4229.0,1,,Surface,1.0,,,Image 1,,57.0,,
MS,Intensity Max,4095.0,4095.0,4095.0,0.0,4095.0,4095.0,4095.0,4095.0,1,,Surface,1.0,,,Image 1,,58.0,,
MS,Intensity Max,4041.0,4041.0,4041.0,0.0,4041.0,4041.0,4041.0,4041.0,1,,Surface,1.0,,,Image 1,,59.0,,
MS,Intensity Max,3671.0,3671.0,3671.0,0.0,3671.0,3671.0,3671.0,3671.0,1,,Surface,1.0,,,Image 1,,60.0,,
MS,Intensity Max,4231.0,4231.0,4231.0,0.0,4231.0,4231.0,4231.0,4231.0,1,,Surface,1.0,,,Image 1,,61.0,,
MS,Intensity Max,5303.0,5303.0,5303.0,0.0,5303.0,5303.0,5303.0,5303.0,1,,Surface,1.0,,,Image 1,,62.0,,
MS,Intensity Max,3851.0,3851.0,3851.0,0.0,3851.0,3851.0,3851.0,3851.0,1,,Surface,1.0,,,Image 1,,63.0,,
MS,Intensity Max,4737.0,4737.0,4737.0,0.0,4737.0,4737.0,4737.0,4737.0,1,,Surface,1.0,,,Image 1,,64.0,,
MS,Intensity Max,4805.0,4805.0,4805.0,0.0,4805.0,4805.0,4805.0,4805.0,1,,Surface,1.0,,,Image 1,,65.0,,
MS,Intensity Max,3886.0,3886.0,3886.0,0.0,3886.0,3886.0,3886.0,3886.0,1,,Surface,1.0,,,Image 1,,66.0,,
MS,Intensity Max,4516.0,4516.0,4516.0,0.0,4516.0,4516.0,4516.0,4516.0,1,,Surface,1.0,,,Image 1,,67.0,,
MS,Intensity Max,3188.0,3188.0,3188.0,0.0,3188.0,3188.0,3188.0,3188.0,1,,Surface,1.0,,,Image 1,,68.0,,
MS,Intensity Max,2942.0,2942.0,2942.0,0.0,2942.0,2942.0,2942.0,2942.0,1,,Surface,1.0,,,Image 1,,69.0,,
MS,Intensity Max,3315.0,3315.0,3315.0,0.0,3315.0,3315.0,3315.0,3315.0,1,,Surface,1.0,,,Image 1,,70.0,,
MS,Intensity Max,2359.0,2359.0,2359.0,0.0,2359.0,2359.0,2359.0,2359.0,1,,Surface,1.0,,,Image 1,,71.0,,
MS,Intensity Max,2422.0,2422.0,2422.0,0.0,2422.0,2422.0,2422.0,2422.0,1,,Surface,1.0,,,Image 1,,72.0,,
MS,Intensity Max,2359.0,2359.0,2359.0,0.0,2359.0,2359.0,2359.0,2359.0,1,,Surface,1.0,,,Image 1,,73.0,,
MS,Intensity Max,1744.0,1744.0,1744.0,0.0,1744.0,1744.0,1744.0,1744.0,1,,Surface,1.0,,,Image 1,,74.0,,
MS,Intensity Max,972.0,972.0,972.0,0.0,972.0,972.0,972.0,972.0,1,,Surface,1.0,,,Image 1,,75.0,,
MS,Intensity Max,601.0,601.0,601.0,0.0,601.0,601.0,601.0,601.0,1,,Surface,1.0,,,Image 1,,76.0,,
MS,Intensity Max,634.0,634.0,634.0,0.0,634.0,634.0,634.0,634.0,1,,Surface,1.0,,,Image 1,,77.0,,
MS,Intensity Max,537.0,537.0,537.0,0.0,537.0,537.0,537.0,537.0,1,,Surface,1.0,,,Image 1,,78.0,,
MS,Intensity Max,479.0,479.0,479.0,0.0,479.0,479.0,479.0,479.0,1,,Surface,1.0,,,Image 1,,79.0,,
MS,Intensity Max,499.0,499.0,499.0,0.0,499.0,499.0,499.0,499.0,1,,Surface,1.0,,,Image 1,,80.0,,
MS,Intensity Max,424.0,424.0,424.0,0.0,424.0,424.0,424.0,424.0,1,,Surface,1.0,,,Image 1,,81.0,,
MS,Intensity Max,579.0,579.0,579.0,0.0,579.0,579.0,579.0,579.0,1,,Surface,1.0,,,Image 1,,82.0,,
MS,Intensity Max,488.0,488.0,488.0,0.0,488.0,488.0,488.0,488.0,1,,Surface,1.0,,,Image 1,,83.0,,
MS,Intensity Max,328.0,328.0,328.0,0.0,328.0,328.0,328.0,328.0,1,,Surface,1.0,,,Image 1,,84.0,,
MS,Intensity Max,391.0,391.0,391.0,0.0,391.0,391.0,391.0,391.0,1,,Surface,1.0,,,Image 1,,85.0,,
MS,Intensity Max,337.0,337.0,337.0,0.0,337.0,337.0,337.0,337.0,1,,Surface,1.0,,,Image 1,,86.0,,
MS,Intensity Max,311.0,311.0,311.0,0.0,311.0,311.0,311.0,311.0,1,,Surface,1.0,,,Image 1,,87.0,,
MS,Intensity Max,407.0,407.0,407.0,0.0,407.0,407.0,407.0,407.0,1,,Surface,1.0,,,Image 1,,88.0,,
MS,Intensity Max,341.0,341.0,341.0,0.0,341.0,341.0,341.0,341.0,1,,Surface,1.0,,,Image 1,,89.0,,
MS,Intensity Max,416.0,416.0,416.0,0.0,416.0,416.0,416.0,416.0,1,,Surface,1.0,,,Image 1,,90.0,,
MS,Intensity Max,347.0,347.0,347.0,0.0,347.0,347.0,347.0,347.0,1,,Surface,1.0,,,Image 1,,91.0,,
MS,Intensity Max,381.0,381.0,381.0,0.0,381.0,381.0,381.0,381.0,1,,Surface,1.0,,,Image 1,,92.0,,
MS,Intensity Max,471.0,471.0,471.0,0.0,471.0,471.0,471.0,471.0,1,,Surface,1.0,,,Image 1,,93.0,,
MS,Intensity Max,441.0,441.0,441.0,0.0,441.0,441.0,441.0,441.0,1,,Surface,1.0,,,Image 1,,94.0,,
MS,Intensity Max,388.0,388.0,388.0,0.0,388.0,388.0,388.0,388.0,1,,Surface,1.0,,,Image 1,,95.0,,
MS,Intensity Max,376.0,376.0,376.0,0.0,376.0,376.0,376.0,376.0,1,,Surface,1.0,,,Image 1,,96.0,,
MS,Intensity Max,297.0,297.0,297.0,0.0,297.0,297.0,297.0,297.0,1,,Surface,1.0,,,Image 1,,97.0,,
MS,Intensity Max,318.0,318.0,318.0,0.0,318.0,318.0,318.0,318.0,1,,Surface,1.0,,,Image 1,,98.0,,
MS,Intensity Max,195.0,195.0,195.0,0.0,195.0,195.0,195.0,195.0,1,,Surface,1.0,,,Image 1,,99.0,,
E,Intensity Max,227.0,227.0,227.0,0.0,227.0,227.0,227.0,227.0,1,,Surface,1.0,,,Image 1,,41.0,,
E,Intensity Max,246.0,357.0,301.5,55.5,301.5,273.781,329.281,603.0,2,,Surface,1.0,,,Image 1,,42.0,,
E,Intensity Max,598.0,598.0,598.0,0.0,598.0,598.0,598.0,1196.0,2,,Surface,1.0,,,Image 1,,43.0,,
E,Intensity Max,410.0,1259.0,834.5,424.5,834.5,622.5,1047.0,1669.0,2,,Surface,1.0,,,Image 1,,44.0,,
E,Intensity Max,781.0,781.0,781.0,0.0,781.0,781.0,781.0,1562.0,2,,Surface,1.0,,,Image 1,,45.0,,
E,Intensity Max,1013.0,1013.0,1013.0,0.0,1013.0,1013.0,1013.0,2026.0,2,,Surface,1.0,,,Image 1,,46.0,,
E,Intensity Max,877.0,877.0,877.0,0.0,877.0,877.0,877.0,1754.0,2,,Surface,1.0,,,Image 1,,47.0,,
E,Intensity Max,1405.0,1405.0,1405.0,0.0,1405.0,1405.0,1405.0,2810.0,2,,Surface,1.0,,,Image 1,,48.0,,
E,Intensity Max,1337.0,1337.0,1337.0,0.0,1337.0,1337.0,1337.0,2674.0,2,,Surface,1.0,,,Image 1,,49.0,,
E,Intensity Max,2016.0,2016.0,2016.0,0.0,2016.0,2016.0,2016.0,4032.0,2,,Surface,1.0,,,Image 1,,50.0,,
E,Intensity Max,2089.0,2089.0,2089.0,0.0,2089.0,2089.0,2089.0,4178.0,2,,Surface,1.0,,,Image 1,,51.0,,
E,Intensity Max,1262.0,1262.0,1262.0,0.0,1262.0,1262.0,1262.0,2524.0,2,,Surface,1.0,,,Image 1,,52.0,,
E,Intensity Max,2392.0,2392.0,2392.0,0.0,2392.0,2392.0,2392.0,2392.0,1,,Surface,1.0,,,Image 1,,53.0,,
E,Intensity Max,2222.0,2222.0,2222.0,0.0,2222.0,2222.0,2222.0,2222.0,1,,Surface,1.0,,,Image 1,,54.0,,
E,Intensity Max,2057.0,2057.0,2057.0,0.0,2057.0,2057.0,2057.0,4114.0,2,,Surface,1.0,,,Image 1,,55.0,,
E,Intensity Max,1870.0,1870.0,1870.0,0.0,1870.0,1870.0,1870.0,3740.0,2,,Surface,1.0,,,Image 1,,56.0,,
E,Intensity Max,1996.0,1996.0,1996.0,0.0,1996.0,1996.0,1996.0,3992.0,2,,Surface,1.0,,,Image 1,,57.0,,
E,Intensity Max,1861.0,1861.0,1861.0,0.0,1861.0,1861.0,1861.0,3722.0,2,,Surface,1.0,,,Image 1,,58.0,,
E,Intensity Max,1675.0,1675.0,1675.0,0.0,1675.0,1675.0,1675.0,3350.0,2,,Surface,1.0,,,Image 1,,59.0,,
E,Intensity Max,1832.0,1832.0,1832.0,0.0,1832.0,1832.0,1832.0,3664.0,2,,Surface,1.0,,,Image 1,,60.0,,
E,Intensity Max,1885.0,1885.0,1885.0,0.0,1885.0,1885.0,1885.0,3770.0,2,,Surface,1.0,,,Image 1,,61.0,,
E,Intensity Max,1439.0,1439.0,1439.0,0.0,1439.0,1439.0,1439.0,1439.0,1,,Surface,1.0,,,Image 1,,62.0,,
E,Intensity Max,1725.0,1725.0,1725.0,0.0,1725.0,1725.0,1725.0,1725.0,1,,Surface,1.0,,,Image 1,,63.0,,
E,Intensity Max,1339.0,1919.0,1629.0,290.0,1629.0,1484.25,1774.25,3258.0,2,,Surface,1.0,,,Image 1,,64.0,,
E,Intensity Max,2145.0,2145.0,2145.0,0.0,2145.0,2145.0,2145.0,2145.0,1,,Surface,1.0,,,Image 1,,65.0,,
E,Intensity Max,1568.0,1568.0,1568.0,0.0,1568.0,1568.0,1568.0,1568.0,1,,Surface,1.0,,,Image 1,,66.0,,
E,Intensity Max,1713.0,2203.0,1958.0,245.0,1958.0,1835.625,2080.625,3916.0,2,,Surface,1.0,,,Image 1,,67.0,,
E,Intensity Max,1754.0,1754.0,1754.0,0.0,1754.0,1754.0,1754.0,1754.0,1,,Surface,1.0,,,Image 1,,68.0,,
E,Intensity Max,1550.0,1550.0,1550.0,0.0,1550.0,1550.0,1550.0,1550.0,1,,Surface,1.0,,,Image 1,,69.0,,
E,Intensity Max,1556.0,1556.0,1556.0,0.0,1556.0,1556.0,1556.0,1556.0,1,,Surface,1.0,,,Image 1,,70.0,,
E,Intensity Max,1623.0,1623.0,1623.0,0.0,1623.0,1623.0,1623.0,1623.0,1,,Surface,1.0,,,Image 1,,71.0,,
E,Intensity Max,1643.0,1643.0,1643.0,0.0,1643.0,1643.0,1643.0,1643.0,1,,Surface,1.0,,,Image 1,,72.0,,
E,Intensity Max,1564.0,1564.0,1564.0,0.0,1564.0,1564.0,1564.0,1564.0,1,,Surface,1.0,,,Image 1,,73.0,,
E,Intensity Max,1376.0,1376.0,1376.0,0.0,1376.0,1376.0,1376.0,1376.0,1,,Surface,1.0,,,Image 1,,74.0,,
E,Intensity Max,1428.0,1428.0,1428.0,0.0,1428.0,1428.0,1428.0,1428.0,1,,Surface,1.0,,,Image 1,,75.0,,
E,Intensity Max,1449.0,1449.0,1449.0,0.0,1449.0,1449.0,1449.0,1449.0,1,,Surface,1.0,,,Image 1,,76.0,,
E,Intensity Max,1199.0,1199.0,1199.0,0.0,1199.0,1199.0,1199.0,1199.0,1,,Surface,1.0,,,Image 1,,77.0,,
E,Intensity Max,1245.0,1245.0,1245.0,0.0,1245.0,1245.0,1245.0,1245.0,1,,Surface,1.0,,,Image 1,,78.0,,
E,Intensity Max,1098.0,1098.0,1098.0,0.0,1098.0,1098.0,1098.0,1098.0,1,,Surface,1.0,,,Image 1,,79.0,,
E,Intensity Max,882.0,882.0,882.0,0.0,882.0,882.0,882.0,882.0,1,,Surface,1.0,,,Image 1,,80.0,,
E,Intensity Max,1164.0,1164.0,1164.0,0.0,1164.0,1164.0,1164.0,1164.0,1,,Surface,1.0,,,Image 1,,81.0,,
E,Intensity Max,785.0,785.0,785.0,0.0,785.0,785.0,785.0,785.0,1,,Surface,1.0,,,Image 1,,82.0,,
E,Intensity Max,999.0,999.0,999.0,0.0,999.0,999.0,999.0,999.0,1,,Surface,1.0,,,Image 1,,83.0,,
E,Intensity Max,917.0,917.0,917.0,0.0,917.0,917.0,917.0,917.0,1,,Surface,1.0,,,Image 1,,84.0,,
E,Intensity Max,763.0,763.0,763.0,0.0,763.0,763.0,763.0,763.0,1,,Surface,1.0,,,Image 1,,85.0,,
E,Intensity Max,639.0,639.0,639.0,0.0,639.0,639.0,639.0,639.0,1,,Surface,1.0,,,Image 1,,86.0,,
E,Intensity Max,499.0,499.0,499.0,0.0,499.0,499.0,499.0,499.0,1,,Surface,1.0,,,Image 1,,87.0,,
E,Intensity Max,364.0,364.0,364.0,0.0,364.0,364.0,364.0,364.0,1,,Surface,1.0,,,Image 1,,88.0,,
E,Intensity Max,405.0,405.0,405.0,0.0,405.0,405.0,405.0,405.0,1,,Surface,1.0,,,Image 1,,89.0,,
E,Intensity Max,294.0,294.0,294.0,0.0,294.0,294.0,294.0,294.0,1,,Surface,1.0,,,Image 1,,90.0,,
E,Intensity Max,288.0,288.0,288.0,0.0,288.0,288.0,288.0,288.0,1,,Surface,1.0,,,Image 1,,91.0,,
E,Intensity Max,300.0,300.0,300.0,0.0,300.0,300.0,300.0,300.0,1,,Surface,1.0,,,Image 1,,92.0,,
E,Intensity Max,240.0,240.0,240.0,0.0,240.0,240.0,240.0,240.0,1,,Surface,1.0,,,Image 1,,93.0,,
E,Intensity Max,367.0,367.0,367.0,0.0,367.0,367.0,367.0,367.0,1,,Surface,1.0,,,Image 1,,94.0,,
E,Intensity Max,245.0,245.0,245.0,0.0,245.0,245.0,245.0,245.0,1,,Surface,1.0,,,Image 1,,95.0,,
E,Intensity Max,270.0,270.0,270.0,0.0,270.0,270.0,270.0,270.0,1,,Surface,1.0,,,Image 1,,96.0,,
E,Intensity Max,270.0,270.0,270.0,0.0,270.0,270.0,270.0,270.0,1,,Surface,1.0,,,Image 1,,97.0,,
E,Intensity Max,237.0,237.0,237.0,0.0,237.0,237.0,237.0,237.0,1,,Surface,1.0,,,Image 1,,98.0,,
E,Intensity Max,238.0,238.0,238.0,0.0,238.0,238.0,238.0,238.0,1,,Surface,1.0,,,Image 1,,99.0,,
E,Intensity Max,249.0,249.0,249.0,0.0,249.0,249.0,249.0,249.0,1,,Surface,1.0,,,Image 1,,100.0,,
E,Intensity Max,235.0,235.0,235.0,0.0,235.0,235.0,235.0,235.0,1,,Surface,1.0,,,Image 1,,101.0,,
E,Intensity Max,257.0,257.0,257.0,0.0,257.0,257.0,257.0,257.0,1,,Surface,1.0,,,Image 1,,102.0,,
E,Intensity Max,283.0,283.0,283.0,0.0,283.0,283.0,283.0,283.0,1,,Surface,1.0,,,Image 1,,103.0,,
E,Intensity Max,255.0,255.0,255.0,0.0,255.0,255.0,255.0,255.0,1,,Surface,1.0,,,Image 1,,104.0,,
E,Intensity Max,261.0,261.0,261.0,0.0,261.0,261.0,261.0,261.0,1,,Surface,1.0,,,Image 1,,105.0,,
E,Intensity Max,240.0,240.0,240.0,0.0,240.0,240.0,240.0,240.0,1,,Surface,1.0,,,Image 1,,106.0,,
E,Intensity Max,236.0,236.0,236.0,0.0,236.0,236.0,236.0,236.0,1,,Surface,1.0,,,Image 1,,107.0,,
E,Intensity Max,266.0,266.0,266.0,0.0,266.0,266.0,266.0,266.0,1,,Surface,1.0,,,Image 1,,108.0,,
P3,Intensity Max,257.0,257.0,257.0,0.0,257.0,257.0,257.0,257.0,1,,Surface,1.0,,,Image 1,,49.0,,
P3,Intensity Max,701.0,701.0,701.0,0.0,701.0,701.0,701.0,701.0,1,,Surface,1.0,,,Image 1,,50.0,,
P3,Intensity Max,1983.0,1983.0,1983.0,0.0,1983.0,1983.0,1983.0,1983.0,1,,Surface,1.0,,,Image 1,,51.0,,
P3,Intensity Max,2451.0,2451.0,2451.0,0.0,2451.0,2451.0,2451.0,2451.0,1,,Surface,1.0,,,Image 1,,52.0,,
P3,Intensity Max,1787.0,1787.0,1787.0,0.0,1787.0,1787.0,1787.0,1787.0,1,,Surface,1.0,,,Image 1,,53.0,,
P3,Intensity Max,2293.0,2293.0,2293.0,0.0,2293.0,2293.0,2293.0,2293.0,1,,Surface,1.0,,,Image 1,,54.0,,
P3,Intensity Max,813.0,813.0,813.0,0.0,813.0,813.0,813.0,813.0,1,,Surface,1.0,,,Image 1,,55.0,,
P3,Intensity Max,386.0,386.0,386.0,0.0,386.0,386.0,386.0,386.0,1,,Surface,1.0,,,Image 1,,56.0,,
P3,Intensity Max,347.0,347.0,347.0,0.0,347.0,347.0,347.0,347.0,1,,Surface,1.0,,,Image 1,,57.0,,
P3,Intensity Max,366.0,366.0,366.0,0.0,366.0,366.0,366.0,366.0,1,,Surface,1.0,,,Image 1,,58.0,,
P3,Intensity Max,379.0,379.0,379.0,0.0,379.0,379.0,379.0,379.0,1,,Surface,1.0,,,Image 1,,59.0,,
P3,Intensity Max,577.0,577.0,577.0,0.0,577.0,577.0,577.0,577.0,1,,Surface,1.0,,,Image 1,,60.0,,
P3,Intensity Max,648.0,648.0,648.0,0.0,648.0,648.0,648.0,648.0,1,,Surface,1.0,,,Image 1,,61.0,,
P3,Intensity Max,325.0,325.0,325.0,0.0,325.0,325.0,325.0,325.0,1,,Surface,1.0,,,Image 1,,62.0,,
P3,Intensity Max,428.0,428.0,428.0,0.0,428.0,428.0,428.0,428.0,1,,Surface,1.0,,,Image 1,,63.0,,
P3,Intensity Max,275.0,275.0,275.0,0.0,275.0,275.0,275.0,275.0,1,,Surface,1.0,,,Image 1,,64.0,,
P3,Intensity Max,278.0,278.0,278.0,0.0,278.0,278.0,278.0,278.0,1,,Surface,1.0,,,Image 1,,65.0,,
P3,Intensity Max,372.0,372.0,372.0,0.0,372.0,372.0,372.0,372.0,1,,Surface,1.0,,,Image 1,,66.0,,
P3,Intensity Max,409.0,409.0,409.0,0.0,409.0,409.0,409.0,409.0,1,,Surface,1.0,,,Image 1,,67.0,,
P3,Intensity Max,512.0,512.0,512.0,0.0,512.0,512.0,512.0,512.0,1,,Surface,1.0,,,Image 1,,68.0,,
P3,Intensity Max,426.0,426.0,426.0,0.0,426.0,426.0,426.0,426.0,1,,Surface,1.0,,,Image 1,,69.0,,
P3,Intensity Max,551.0,551.0,551.0,0.0,551.0,551.0,551.0,551.0,1,,Surface,1.0,,,Image 1,,70.0,,
P3,Intensity Max,518.0,518.0,518.0,0.0,518.0,518.0,518.0,518.0,1,,Surface,1.0,,,Image 1,,71.0,,
P3,Intensity Max,622.0,622.0,622.0,0.0,622.0,622.0,622.0,622.0,1,,Surface,1.0,,,Image 1,,72.0,,
P3,Intensity Max,469.0,469.0,469.0,0.0,469.0,469.0,469.0,469.0,1,,Surface,1.0,,,Image 1,,73.0,,
P3,Intensity Max,476.0,476.0,476.0,0.0,476.0,476.0,476.0,476.0,1,,Surface,1.0,,,Image 1,,74.0,,
P3,Intensity Max,307.0,307.0,307.0,0.0,307.0,307.0,307.0,307.0,1,,Surface,1.0,,,Image 1,,75.0,,
P3,Intensity Max,436.0,436.0,436.0,0.0,436.0,436.0,436.0,436.0,1,,Surface,1.0,,,Image 1,,76.0,,
P3,Intensity Max,387.0,387.0,387.0,0.0,387.0,387.0,387.0,387.0,1,,Surface,1.0,,,Image 1,,77.0,,
P3,Intensity Max,344.0,344.0,344.0,0.0,344.0,344.0,344.0,344.0,1,,Surface,1.0,,,Image 1,,78.0,,
P3,Intensity Max,301.0,301.0,301.0,0.0,301.0,301.0,301.0,301.0,1,,Surface,1.0,,,Image 1,,79.0,,
P3,Intensity Max,277.0,277.0,277.0,0.0,277.0,277.0,277.0,277.0,1,,Surface,1.0,,,Image 1,,80.0,,
P3,Intensity Max,455.0,455.0,455.0,0.0,455.0,455.0,455.0,455.0,1,,Surface,1.0,,,Image 1,,81.0,,
P3,Intensity Max,544.0,544.0,544.0,0.0,544.0,544.0,544.0,544.0,1,,Surface,1.0,,,Image 1,,82.0,,
P3,Intensity Max,510.0,510.0,510.0,0.0,510.0,510.0,510.0,510.0,1,,Surface,1.0,,,Image 1,,83.0,,
P3,Intensity Max,590.0,590.0,590.0,0.0,590.0,590.0,590.0,590.0,1,,Surface,1.0,,,Image 1,,84.0,,
P3,Intensity Max,697.0,697.0,697.0,0.0,697.0,697.0,697.0,697.0,1,,Surface,1.0,,,Image 1,,85.0,,
P3,Intensity Max,559.0,559.0,559.0,0.0,559.0,559.0,559.0,559.0,1,,Surface,1.0,,,Image 1,,86.0,,
P3,Intensity Max,671.0,671.0,671.0,0.0,671.0,671.0,671.0,671.0,1,,Surface,1.0,,,Image 1,,87.0,,
P3,Intensity Max,376.0,376.0,376.0,0.0,376.0,376.0,376.0,376.0,1,,Surface,1.0,,,Image 1,,88.0,,
P3,Intensity Max,606.0,606.0,606.0,0.0,606.0,606.0,606.0,606.0,1,,Surface,1.0,,,Image 1,,89.0,,
P3,Intensity Max,354.0,354.0,354.0,0.0,354.0,354.0,354.0,354.0,1,,Surface,1.0,,,Image 1,,90.0,,
P3,Intensity Max,437.0,437.0,437.0,0.0,437.0,437.0,437.0,437.0,1,,Surface,1.0,,,Image 1,,91.0,,
P3,Intensity Max,404.0,404.0,404.0,0.0,404.0,404.0,404.0,404.0,1,,Surface,1.0,,,Image 1,,92.0,,
P3,Intensity Max,620.0,620.0,620.0,0.0,620.0,620.0,620.0,620.0,1,,Surface,1.0,,,Image 1,,93.0,,
P3,Intensity Max,594.0,594.0,594.0,0.0,594.0,594.0,594.0,594.0,1,,Surface,1.0,,,Image 1,,94.0,,
P3,Intensity Max,597.0,597.0,597.0,0.0,597.0,597.0,597.0,597.0,1,,Surface,1.0,,,Image 1,,95.0,,
P3,Intensity Max,645.0,645.0,645.0,0.0,645.0,645.0,645.0,645.0,1,,Surface,1.0,,,Image 1,,96.0,,
P3,Intensity Max,496.0,496.0,496.0,0.0,496.0,496.0,496.0,496.0,1,,Surface,1.0,,,Image 1,,97.0,,
P3,Intensity Max,547.0,547.0,547.0,0.0,547.0,547.0,547.0,547.0,1,,Surface,1.0,,,Image 1,,98.0,,
P3,Intensity Max,511.0,511.0,511.0,0.0,511.0,511.0,511.0,511.0,1,,Surface,1.0,,,Image 1,,99.0,,
P3,Intensity Max,551.0,551.0,551.0,0.0,551.0,551.0,551.0,551.0,1,,Surface,1.0,,,Image 1,,100.0,,
P3,Intensity Max,577.0,577.0,577.0,0.0,577.0,577.0,577.0,577.0,1,,Surface,1.0,,,Image 1,,101.0,,
P3,Intensity Max,415.0,415.0,415.0,0.0,415.0,415.0,415.0,415.0,1,,Surface,1.0,,,Image 1,,102.0,,
P3,Intensity Max,446.0,446.0,446.0,0.0,446.0,446.0,446.0,446.0,1,,Surface,1.0,,,Image 1,,103.0,,
P3,Intensity Max,344.0,344.0,344.0,0.0,344.0,344.0,344.0,344.0,1,,Surface,1.0,,,Image 1,,104.0,,
P3,Intensity Max,336.0,336.0,336.0,0.0,336.0,336.0,336.0,336.0,1,,Surface,1.0,,,Image 1,,105.0,,
P3,Intensity Max,411.0,411.0,411.0,0.0,411.0,411.0,411.0,411.0,1,,Surface,1.0,,,Image 1,,106.0,,
P3,Intensity Max,383.0,383.0,383.0,0.0,383.0,383.0,383.0,383.0,1,,Surface,1.0,,,Image 1,,107.0,,
P3,Intensity Max,442.0,442.0,442.0,0.0,442.0,442.0,442.0,442.0,1,,Surface,1.0,,,Image 1,,108.0,,
